CURRENT_LAND_VALUE,prediction
1804000.0,1843016.7348236113
1161000.0,1991750.6153162569
1300424.0,701851.0677771509
514000.0,728207.283107966
2441000.0,1844973.711090948
586000.0,759330.6500136157
1247000.0,1641276.1949626321
751000.0,639642.203406635
1586000.0,2091052.047336135
1229000.0,1898193.5887291864
653000.0,635964.4575256013
495000.0,635964.4575256013
540000.0,635964.4575256013
1530000.0,2015800.6152761213
1030000.0,1632014.1257877958
3518000.0,2507748.3161199912
1019000.0,837099.9717315368
540000.0,728207.283107966
513000.0,728207.283107966
1537000.0,1983173.1870626234
1460000.0,1929945.4532069364
2329000.0,1562115.9237561072
1421000.0,1517176.7262355718
450000.0,849006.5291324105
459000.0,759330.6500136157
288000.0,849006.5291324105
3518000.0,2469928.765244015
2373000.0,2067912.3080111023
1372000.0,2475151.720330071
2188000.0,2086428.4102356904
3518000.0,3112249.395935484
2695000.0,2791638.854465532
622000.0,759330.6500136157
564000.0,728207.283107966
761000.0,805976.6048258871
3518000.0,2846965.5863612234
2996000.0,1562115.9237561072
616000.0,728207.283107966
702764.0,759330.6500136157
1579000.0,1776629.7109354693
1198000.0,1535521.1226583635
1990000.0,1653752.6936735963
2721000.0,2061445.286088603
908000.0,805976.6048258871
459000.0,635964.4575256013
873000.0,728207.283107966
1329000.0,1509816.2973314673
603000.0,881458.700817079
1347000.0,1517176.7262355718
1690000.0,808809.7143182098
996000.0,807603.9983461133
1241000.0,1516527.8256795346
721500.0,728207.283107966
377000.0,728207.283107966
1688000.0,2015800.6152761213
1345000.0,2020537.334729237
519000.0,849006.5291324105
410000.0,849006.5291324105
493000.0,635964.4575256013
552000.0,635964.4575256013
556000.0,635964.4575256013
442000.0,635964.4575256013
342000.0,1186158.218641921
531000.0,1217281.5855475708
1264000.0,1444533.253296912
1007000.0,1641276.1949626321
1410000.0,1608164.5955970236
507000.0,728207.283107966
2975000.0,1880124.1537071194
694000.0,744884.5595114281
1648000.0,1938794.9002160362
1305000.0,1535521.1226583635
532000.0,821539.5143841316
1195000.0,1482990.5623167702
3518000.0,2258465.2038019686
453000.0,807603.9983461133
1436000.0,1665472.1390228192
678000.0,759330.6500136157
703000.0,728207.283107966
297000.0,639642.203406635
274000.0,635964.4575256013
1496000.0,1951827.439754373
468000.0,728207.283107966
2178961.0,2340859.6361559792
654000.0,728207.283107966
397000.0,1521524.5392746492
3518000.0,3319280.154567795
517000.0,635964.4575256013
496000.0,635964.4575256013
528000.0,837099.9717315368
584000.0,1909301.2213211767
544000.0,759330.6500136157
787000.0,728207.283107966
542000.0,776007.9264170779
1750000.0,2091052.047336135
569000.0,759330.6500136157
804000.0,805976.6048258871
472000.0,1037105.8784450993
408000.0,728207.283107966
1867000.0,1653752.6936735963
1719000.0,1934171.2631155923
395000.0,635964.4575256013
797000.0,1909301.2213211767
639000.0,710933.7002130012
551000.0,776007.9264170779
598000.0,744884.5595114281
3518000.0,3118276.423508873
1412000.0,1544242.3772725712
1559000.0,1638933.3322373312
791000.0,776007.9264170779
2020000.0,1958491.184963372
381000.0,728207.283107966
1411000.0,1767599.4681365322
559000.0,728207.283107966
437000.0,849006.5291324105
1915000.0,1951827.439754373
347000.0,728207.283107966
492000.0,728207.283107966
653571.0,759330.6500136157
548000.0,759330.6500136157
1995000.0,2056821.648988159
3518000.0,2521135.0773125826
1160000.0,1130811.0512779045
792000.0,807603.9983461133
2429000.0,1880124.1537071194
418000.0,728207.283107966
735000.0,759330.6500136157
576000.0,759330.6500136157
407000.0,728207.283107966
320000.0,728207.283107966
1623000.0,1535521.1226583635
1302000.0,1728405.3038810443
1615000.0,1562764.8243121447
402000.0,728207.283107966
1019000.0,764438.9822724303
499000.0,728207.283107966
692000.0,759330.6500136157
497000.0,759330.6500136157
818000.0,776007.9264170779
803000.0,776007.9264170779
891000.0,744884.5595114281
3518000.0,3112480.7153735016
490000.0,728207.283107966
614674.0,759330.6500136157
2230000.0,2202243.710838715
1623000.0,1763684.8900589987
434000.0,728207.283107966
431000.0,728207.283107966
419000.0,759330.6500136157
407000.0,759330.6500136157
647000.0,776007.9264170779
659000.0,744884.5595114281
496000.0,759330.6500136157
1554000.0,1800712.5146640793
1485000.0,1516527.8256795346
1270000.0,1573027.7251066545
1393000.0,1516527.8256795346
875000.0,759330.6500136157
395000.0,728207.283107966
677000.0,759330.6500136157
480000.0,759330.6500136157
827000.0,744884.5595114281
603000.0,744884.5595114281
2273000.0,947421.388421787
610000.0,1114549.7661777413
1730000.0,1556588.5770204037
1675000.0,2015800.6152761213
420000.0,728207.283107966
501000.0,728207.283107966
453000.0,744884.5595114281
624000.0,805976.6048258871
369000.0,744884.5595114281
663000.0,884562.6748248575
1134000.0,1951827.439754373
475000.0,728207.283107966
1501000.0,807603.9983461133
1818000.0,811281.744227147
367000.0,807603.9983461133
807000.0,811281.744227147
565000.0,807603.9983461133
627000.0,728207.283107966
645000.0,851489.937169247
701000.0,851489.937169247
396000.0,728207.283107966
615000.0,776007.9264170779
286000.0,728207.283107966
322000.0,759330.6500136157
312000.0,759330.6500136157
326000.0,728207.283107966
341000.0,728207.283107966
439000.0,728207.283107966
567000.0,759330.6500136157
2495000.0,2650095.45932937
2201000.0,1653752.6936735963
363000.0,759330.6500136157
776000.0,776007.9264170779
1066000.0,759330.6500136157
724000.0,776007.9264170779
1255000.0,1130162.150721867
509000.0,822653.8812293492
453000.0,728207.283107966
613000.0,776007.9264170779
865000.0,744884.5595114281
416000.0,849006.5291324105
548000.0,776007.9264170779
1216000.0,1535521.1226583635
447000.0,728207.283107966
424000.0,728207.283107966
1133000.0,1535521.1226583635
2742000.0,2864740.507346804
735000.0,807443.20233335
531000.0,759330.6500136157
524000.0,728207.283107966
584223.0,759330.6500136157
511000.0,759330.6500136157
591000.0,728207.283107966
3092000.0,2091052.047336135
407000.0,728207.283107966
314000.0,728207.283107966
1163000.0,759330.6500136157
604000.0,728207.283107966
383000.0,728207.283107966
417000.0,759330.6500136157
1902000.0,1105831.3500913107
719000.0,759330.6500136157
449000.0,728207.283107966
1576000.0,1770707.2824237116
503000.0,759330.6500136157
776000.0,759330.6500136157
524000.0,744884.5595114281
401000.0,744884.5595114281
470000.0,759330.6500136157
698000.0,728207.283107966
780087.0,759330.6500136157
474000.0,1037105.8784450993
571000.0,776007.9264170779
458000.0,759330.6500136157
680000.0,849006.5291324105
579000.0,728207.283107966
876000.0,869652.0667038657
1070000.0,834812.6607657848
675000.0,759330.6500136157
671000.0,728207.283107966
578000.0,759330.6500136157
312000.0,635964.4575256013
405000.0,635964.4575256013
1032118.0,897119.0814521447
1220351.0,897119.0814521447
1050000.0,884562.6748248575
1453919.0,853777.248134999
1133000.0,1647583.653606865
440000.0,728207.283107966
2390000.0,1990285.9615177307
1000000.0,776007.9264170779
525000.0,897119.0814521447
921000.0,805976.6048258871
2846000.0,2086428.4102356904
797000.0,776007.9264170779
610000.0,776007.9264170779
529000.0,744884.5595114281
661000.0,744884.5595114281
474000.0,744884.5595114281
575000.0,744884.5595114281
1379000.0,850335.3339114292
507000.0,744884.5595114281
1320000.0,869652.0667038657
732000.0,701695.3580189277
777000.0,639642.203406635
728000.0,701695.3580189277
3054000.0,2843512.575684576
1650000.0,859453.4927726181
543000.0,759330.6500136157
1419000.0,1732744.208269819
443000.0,849006.5291324105
556000.0,849006.5291324105
437000.0,849006.5291324105
3518000.0,2821403.3606589884
3518000.0,1078576.0896776346
375000.0,728207.283107966
2610000.0,2273063.8298701406
2150000.0,2091052.047336135
402000.0,849006.5291324105
1794000.0,1677954.73803813
1831000.0,1847640.3719240562
1917000.0,1668133.0230241076
3088000.0,3039135.941816678
2036000.0,2041800.6374823288
1479000.0,1919909.367531024
1281000.0,1517176.7262355718
394000.0,805976.6048258871
660000.0,728207.283107966
2782000.0,2061445.286088603
578000.0,805976.6048258871
1061000.0,1673963.86793499
1741000.0,976257.4443616846
387000.0,759330.6500136157
533000.0,728207.283107966
546000.0,759330.6500136157
490000.0,759330.6500136157
559000.0,759330.6500136157
500000.0,759330.6500136157
2240000.0,1691960.01908078
1673000.0,1615214.0896559109
1085000.0,1696971.6731769624
2806000.0,2646766.055640614
3518000.0,3005152.0035041594
816000.0,639642.203406635
1400000.0,639642.203406635
1496000.0,2086428.4102356904
713000.0,947421.388421787
3518000.0,2058882.8558122031
1251000.0,1607884.092660558
1524000.0,1562764.8243121447
1266000.0,926775.8508503316
1568000.0,2047845.4235916343
2479000.0,2009629.2120050422
2630000.0,2217206.31553447
1536000.0,1656378.5520239316
3518000.0,2139890.5050492166
3518000.0,2133439.878959237
2031000.0,2083436.6679959998
3518000.0,2744064.915684319
3518000.0,2744064.915684319
2750000.0,3208524.547949566
291000.0,635964.4575256013
438000.0,635964.4575256013
494000.0,744884.5595114281
679000.0,776007.9264170779
1109000.0,853777.248134999
3512000.0,2135477.930516088
1054000.0,759330.6500136157
2313000.0,2489625.6523118047
2748000.0,1079512.7404801867
760385.0,759330.6500136157
1897000.0,1934171.2631155923
3518000.0,2258465.2038019686
1533000.0,759330.6500136157
495000.0,2828710.9095694367
2003000.0,1653752.6936735963
3518000.0,2022735.5633523823
2409000.0,1855995.477220704
3518000.0,3311233.2020066506
622000.0,744884.5595114281
1306000.0,1510785.3004556932
2460000.0,1545228.9785494753
1795000.0,1176399.1493544774
2632000.0,2083436.6679959998
1538000.0,1653752.6936735963
2492000.0,2243571.655315879
1782000.0,2086428.4102356904
2470000.0,2573465.097341488
576000.0,728207.283107966
2449000.0,2056821.648988159
1586000.0,1615214.0896559109
534000.0,805976.6048258871
526000.0,759330.6500136157
491000.0,759330.6500136157
1167000.0,1709002.4987485379
1554000.0,1891235.7304707163
1575000.0,1960252.270590755
1308716.0,759330.6500136157
321000.0,849006.5291324105
1946000.0,1653752.6936735963
1990000.0,1653752.6936735963
465000.0,759330.6500136157
3518000.0,2323339.528466394
3408000.0,1598398.6963718473
1293000.0,2091052.047336135
1155000.0,1523131.5002035256
1540000.0,1356862.486128892
1875000.0,1834627.304361508
1089000.0,807603.9983461133
1267000.0,1843016.7348236113
1497000.0,1752422.110538331
1699000.0,1956451.0768548176
2844000.0,2091052.047336135
1984000.0,2827327.5943757268
2117000.0,2018111.926251938
1679000.0,1535521.1226583635
1387000.0,1517176.7262355718
1910000.0,1691960.01908078
518000.0,850335.3339114292
3518000.0,2759196.4677526676
1509019.0,821539.5143841316
2921000.0,2091052.047336135
2505000.0,2091052.047336135
1397000.0,1523131.5002035256
2137000.0,1653752.6936735963
1576000.0,2030460.3380524777
1176000.0,1516527.8256795346
1323000.0,1517176.7262355718
1325743.0,635964.4575256013
1455000.0,1608164.5955970236
2149000.0,1779848.8829900816
2973000.0,2916119.208032403
1873000.0,821539.5143841316
934000.0,855775.7468915845
703000.0,855775.7468915845
1133000.0,859453.4927726181
3518000.0,1328273.676888882
1085000.0,759330.6500136157
481000.0,759330.6500136157
487000.0,759330.6500136157
906627.0,849006.5291324105
687000.0,759330.6500136157
636000.0,759330.6500136157
3518000.0,3137660.8238543933
1864000.0,2086428.4102356904
1466000.0,1680699.897070818
593000.0,807603.9983461133
896000.0,807603.9983461133
767000.0,744884.5595114281
796000.0,811281.744227147
1465000.0,811281.744227147
1472000.0,1018777.2692353787
1570000.0,1815217.81399399
634000.0,926775.8508503316
513000.0,728207.283107966
310000.0,807603.9983461133
635000.0,873334.8988394396
2812000.0,2092937.8337109808
2769000.0,1973294.2922578207
2635000.0,1612177.1130619734
1058000.0,805976.6048258871
579000.0,776007.9264170779
1059000.0,834812.6607657848
1097000.0,855775.7468915845
1230000.0,1995554.2105821497
586254.0,759330.6500136157
2048000.0,2083436.6679959998
1716000.0,1535521.1226583635
397000.0,744884.5595114281
619000.0,776007.9264170779
3518000.0,1079512.7404801867
1356368.0,899308.8361020528
2237000.0,2352834.4717696155
2410000.0,759330.6500136157
2988000.0,2278873.545068946
796000.0,1749083.3572527457
1746000.0,1050483.4699153989
2185000.0,1834630.4468994837
1272000.0,1737229.2308920051
2040000.0,1653752.6936735963
1413000.0,1455383.5797907193
552000.0,728207.283107966
466000.0,635964.4575256013
516000.0,635964.4575256013
1179000.0,1608164.5955970236
597000.0,926775.8508503316
1268000.0,1406671.8698751912
1360997.0,1194536.2129387273
1251000.0,1194536.2129387273
1445000.0,1659940.8516354766
1359000.0,1732744.208269819
1611000.0,1049856.9681183337
1539000.0,1049856.9681183337
339000.0,849006.5291324105
305000.0,849006.5291324105
426000.0,728207.283107966
456000.0,728207.283107966
672000.0,805976.6048258871
881000.0,1154132.2756460987
766000.0,1154132.2756460987
400000.0,807603.9983461133
430000.0,807603.9983461133
525000.0,759330.6500136157
2331000.0,2282081.240335635
425000.0,728207.283107966
1471000.0,1562764.8243121447
3518000.0,2311774.5730805933
400000.0,807603.9983461133
444000.0,807603.9983461133
382000.0,807603.9983461133
614000.0,1858897.2534405217
3518000.0,1078576.0896776346
1736000.0,991780.1175073292
2011000.0,821539.5143841316
1425000.0,759330.6500136157
2775000.0,2221953.7307814592
276000.0,728207.283107966
541000.0,837099.9717315368
386000.0,805976.6048258871
739000.0,776007.9264170779
802000.0,776007.9264170779
773000.0,728207.283107966
829000.0,728207.283107966
387000.0,728207.283107966
408000.0,728207.283107966
788000.0,759330.6500136157
696000.0,807603.9983461133
631000.0,811281.744227147
708000.0,728207.283107966
280000.0,728207.283107966
712000.0,811281.744227147
707000.0,807603.9983461133
3518000.0,2620340.320285167
342000.0,759330.6500136157
402000.0,759330.6500136157
276000.0,728207.283107966
1038000.0,1513488.1252727422
343000.0,728207.283107966
450000.0,639642.203406635
408000.0,639642.203406635
1425000.0,869652.0667038657
492000.0,1521524.5392746492
478000.0,1521524.5392746492
641000.0,884562.6748248575
728000.0,884562.6748248575
1570000.0,1764527.936646808
439000.0,635964.4575256013
364000.0,635964.4575256013
389000.0,635964.4575256013
534000.0,885212.524051271
1218000.0,881458.700817079
1452000.0,759330.6500136157
312000.0,764438.9822724303
348000.0,710933.7002130012
1512000.0,1934171.2631155923
1570000.0,1666601.4359324356
2030000.0,2091052.047336135
570000.0,744884.5595114281
410681.0,635964.4575256013
472000.0,635964.4575256013
338000.0,635964.4575256013
493000.0,635964.4575256013
471025.0,635964.4575256013
497000.0,635964.4575256013
382000.0,635964.4575256013
587000.0,884562.6748248575
674000.0,1465375.572953008
503000.0,744884.5595114281
1565000.0,1794019.8134921726
532000.0,744884.5595114281
947000.0,884562.6748248575
1646000.0,2105999.3037801925
544000.0,728207.283107966
412000.0,849006.5291324105
362000.0,728207.283107966
1610000.0,1774345.9161313786
342000.0,728207.283107966
870000.0,728207.283107966
1163000.0,822653.8812293492
1447000.0,1638933.3322373312
715000.0,744884.5595114281
2188000.0,2212886.5514188623
1482000.0,852622.6448771814
373544.0,759330.6500136157
337000.0,759330.6500136157
199000.0,728207.283107966
370000.0,728207.283107966
276000.0,728207.283107966
328000.0,744884.5595114281
398000.0,728207.283107966
527000.0,759330.6500136157
618000.0,728207.283107966
495000.0,807603.9983461133
385000.0,811281.744227147
400000.0,728207.283107966
345000.0,728207.283107966
3518000.0,1008883.0837301321
3518000.0,994608.8232245588
660000.0,759330.6500136157
380000.0,759330.6500136157
546000.0,744884.5595114281
3518000.0,963680.9519200514
344000.0,728207.283107966
552000.0,759330.6500136157
542000.0,759330.6500136157
482000.0,728207.283107966
516000.0,807443.20233335
470000.0,759330.6500136157
383000.0,728207.283107966
673000.0,1956451.0768548176
1057000.0,679948.316959379
2460000.0,991780.1175073292
501000.0,837099.9717315368
324000.0,728207.283107966
334000.0,728207.283107966
308000.0,759330.6500136157
289000.0,728207.283107966
250000.0,728207.283107966
999000.0,821539.5143841316
637000.0,759330.6500136157
726000.0,759330.6500136157
1555000.0,837099.9717315368
3518000.0,2914849.3084869324
1086000.0,1882029.549842523
293000.0,639642.203406635
328000.0,639642.203406635
858000.0,776007.9264170779
1288000.0,1924646.0869841403
3518000.0,2135477.930516088
2167000.0,1887863.3900038027
591000.0,744884.5595114281
3256000.0,1799719.801409966
804000.0,728207.283107966
1310000.0,869652.0667038657
407000.0,849006.5291324105
403000.0,989513.425453305
1605000.0,1647116.482849095
1923000.0,2165512.8331257314
1283000.0,1823150.4266524222
1513000.0,1527161.5716199167
2059000.0,2184017.1780035333
2081000.0,1270624.665692997
1135000.0,1517176.7262355718
1653000.0,1822538.400403826
1196000.0,1535521.1226583635
1412000.0,1682578.375138574
1196000.0,1632014.1257877958
1729000.0,1934171.2631155923
1641000.0,1653752.6936735963
1621000.0,1691960.01908078
3518000.0,2856900.9604288167
54600.0,1037105.8784450993
83900.0,1241298.5541911763
104046.0,1068229.245350749
82900.0,1037105.8784450993
82900.0,1037105.8784450993
82600.0,1100351.2661699555
1621000.0,1974698.2616721306
1411000.0,1647116.482849095
1198000.0,1535521.1226583635
1623000.0,1562764.8243121447
1623000.0,1562115.9237561072
1440000.0,1638933.3322373312
1762000.0,1815581.1556083988
1198000.0,1535521.1226583635
1069000.0,1659940.8516354766
1110000.0,1555519.387352659
1577000.0,1926861.3076909645
1414000.0,1794019.8134921726
1414000.0,1693057.0950994294
1659000.0,1934171.2631155923
1730000.0,1653752.6936735963
1168000.0,1732744.208269819
1306000.0,2208206.98903297
1284000.0,1872329.501833889
1671000.0,1647116.482849095
1102000.0,1535521.1226583635
472000.0,817360.5168664625
472000.0,817360.5168664625
1413000.0,1444533.253296912
1102000.0,1794019.8134921726
1701000.0,1517176.7262355718
2097000.0,2262824.3714847686
3518000.0,2911670.598686061
1319000.0,1517176.7262355718
2036000.0,1516527.8256795346
3518000.0,2258465.2038019686
1525000.0,1517176.7262355718
2865000.0,2704817.5643911115
1514000.0,1562115.9237561072
1587000.0,1562115.9237561072
655000.0,728207.283107966
624000.0,759330.6500136157
946000.0,805976.6048258871
2358000.0,2052342.3245999143
3453000.0,1956452.790684854
1376000.0,807443.20233335
3518000.0,1126688.6419973688
1182000.0,1516527.8256795346
1018000.0,1535521.1226583635
2532000.0,1653752.6936735963
2200000.0,1608164.5955970236
1586000.0,1922867.5851549164
1775000.0,2311774.5730805933
2269000.0,2313573.561805387
1661000.0,1437561.4942444437
2247000.0,2123479.3629130344
3518000.0,3059784.470739674
2393000.0,1615214.0896559109
3518000.0,759330.6500136157
1361000.0,1535521.1226583635
1195000.0,1016488.3633379262
1859000.0,849006.5291324105
1737000.0,1126688.6419973688
1374000.0,1929945.4532069364
3518000.0,3234859.8759596674
2444000.0,2091052.047336135
1322000.0,1702225.2424751823
911000.0,807443.20233335
3518000.0,1078576.0896776346
3518000.0,2287735.077636187
1.0,1047452.7227719849
1451000.0,1876805.601277852
1679000.0,1003724.4591099635
2336000.0,1653752.6936735963
1412000.0,1517176.7262355718
1330000.0,1535521.1226583635
1662000.0,1562764.8243121447
1455000.0,1562115.9237561072
2246000.0,1070205.1881288583
1885000.0,2212886.5514188623
1399000.0,1516527.8256795346
2025000.0,2279502.8466788405
2697000.0,1781476.2866874244
1588000.0,2281335.9600798367
2029000.0,1880124.1537071194
3518000.0,849006.5291324105
1331000.0,1516527.8256795346
1257000.0,807603.9983461133
1221000.0,807603.9983461133
930000.0,807603.9983461133
3372000.0,2811685.939913665
1317000.0,2052342.3245999143
1270000.0,1608164.5955970236
2494000.0,2308529.407048517
3518000.0,2353643.8197364584
318000.0,728207.283107966
674000.0,884562.6748248575
1131000.0,1844973.711090948
1460000.0,1535521.1226583635
1396000.0,1870851.0067926627
2164000.0,1996229.9397045015
1668000.0,1175750.24879844
2494000.0,1372997.584187857
1342000.0,1256026.2615527848
1241000.0,1516527.8256795346
1130000.0,635964.4575256013
3518000.0,2939745.044203167
3518000.0,2814748.4152998426
3518000.0,1055449.6416785314
3518000.0,987375.2561529062
1140000.0,1517176.7262355718
1694000.0,2030460.3380524777
3518000.0,1018777.2692353787
1899000.0,1956451.0768548176
2916000.0,1880124.1537071194
1844000.0,1562115.9237561072
1776000.0,1619255.4231138905
1588000.0,1699577.0079437937
1148000.0,1516527.8256795346
733000.0,811281.744227147
1884000.0,966801.9940584891
1086000.0,1517176.7262355718
1672000.0,1615214.0896559109
1340000.0,2072101.4078951995
1471000.0,1126688.6419973688
589000.0,759330.6500136157
455000.0,728207.283107966
1257000.0,837099.9717315368
1782000.0,1838280.0153704956
1235000.0,1016488.3633379262
2326000.0,1516527.8256795346
1140000.0,1709002.4987485379
2120000.0,2133439.878959237
1364000.0,1693057.0950994294
486000.0,728207.283107966
1312000.0,1676790.346543748
1243000.0,1130162.150721867
1297000.0,1677954.73803813
3518000.0,3311233.2020066506
3518000.0,3311233.2020066506
766000.0,728207.283107966
1413000.0,1709002.4987485379
1654000.0,1929945.4532069364
1360000.0,1517176.7262355718
3518000.0,2313573.561805387
2984000.0,1554716.4359412785
2148000.0,2091052.047336135
3386000.0,3275052.425869622
1907000.0,1516527.8256795346
1832000.0,1516527.8256795346
1340000.0,1608164.5955970236
1947000.0,1516527.8256795346
1163000.0,1854747.1465398497
1831000.0,1517176.7262355718
1349000.0,1530114.770942637
1158000.0,1510785.3004556932
1166000.0,1647116.482849095
992000.0,941823.6330935899
407000.0,744884.5595114281
1511000.0,1810552.331300828
3150000.0,2232524.9320395812
3518000.0,2871539.630990077
1641000.0,1608164.5955970236
1369000.0,1654836.1263496499
1895000.0,1310214.9072407219
2905000.0,1799521.714937366
2787000.0,2895151.8955478775
1262000.0,2130733.1875518393
3518000.0,2258465.2038019686
1743000.0,1815581.1556083988
3483000.0,2829242.9534700103
3210000.0,2212886.5514188623
2642000.0,2417773.3499213997
1300000.0,1530114.770942637
2045000.0,2091052.047336135
1709000.0,1653752.6936735963
1432000.0,1771356.1829797488
3518000.0,2104162.2598258266
1468000.0,1517176.7262355718
1466000.0,2068982.3814512081
1400000.0,1892092.5901638034
2640000.0,2086428.4102356904
1980000.0,2000853.5768049457
2482000.0,2091052.047336135
2964000.0,2886175.592177327
1727000.0,1562115.9237561072
1856000.0,1895859.3675711602
1421000.0,1638933.3322373312
1715000.0,1815581.1556083988
1075000.0,1535521.1226583635
732000.0,1973294.2922578207
2499000.0,1465091.4356818309
3518000.0,3244139.2635059035
1112000.0,1843016.7348236113
2049000.0,2184017.1780035333
3518000.0,1733403.577151486
633000.0,805976.6048258871
497000.0,728207.283107966
1535000.0,1709002.4987485379
1192000.0,1657282.6965303004
1829000.0,2025836.7009520337
3056000.0,2915104.580386064
973000.0,811281.744227147
927000.0,966801.9940584891
494000.0,2612307.478980604
2200000.0,1535521.1226583635
3237000.0,2091052.047336135
3518000.0,3221565.7275669174
2155000.0,2794030.692256873
3518000.0,3016954.9170383564
2100000.0,2030460.3380524777
1600000.0,2047718.6874994703
3518000.0,3158247.9328873423
3518000.0,3212242.155574918
2068000.0,2827327.5943757268
2538000.0,2287735.077636187
1682000.0,1772097.5619484247
1186000.0,1517176.7262355718
1534000.0,1557100.9413493287
1460000.0,1516527.8256795346
2234000.0,1956451.0768548176
886000.0,1656633.795974263
3018000.0,1562115.9237561072
2778000.0,1583436.303956659
2793000.0,1295228.262469936
2352000.0,1557100.9413493287
1902000.0,1691960.01908078
3518000.0,1843016.7348236113
306000.0,849006.5291324105
1522000.0,1718626.2992348787
451000.0,728207.283107966
508000.0,728207.283107966
1870000.0,1688408.740373719
1463000.0,2057466.6434745106
2498000.0,2086428.4102356904
3518000.0,1134659.7018593953
2720000.0,1997766.7045252821
2308000.0,1889242.9894011612
1805000.0,858214.4072589189
3518000.0,3065598.3673658683
3518000.0,2340094.555962498
1556000.0,1311400.3479867775
1854000.0,1372997.584187857
1381000.0,1638933.3322373312
1591000.0,1939233.3677479788
2483000.0,2086428.4102356904
2143000.0,1583436.303956659
1311000.0,728207.283107966
1615000.0,1770707.2824237116
2429000.0,2135477.930516088
2612000.0,3039135.941816678
1201000.0,1510785.3004556932
3518000.0,2705826.6555122854
3518000.0,2628737.5407830426
1623000.0,1745090.4080176514
1632000.0,1694692.983113835
2200000.0,1516527.8256795346
3518000.0,2047967.9482874349
1249000.0,1535521.1226583635
1249000.0,1535521.1226583635
3471000.0,3225694.566130631
1705000.0,1843016.7348236113
1727000.0,1938907.9825687087
1641000.0,2083436.6679959998
1680000.0,1987126.978215813
2588000.0,2006111.8975721337
1987000.0,1980889.9046121319
1102000.0,1510785.3004556932
3427000.0,2798874.111441206
3505000.0,1937937.0414478362
1097000.0,1544242.3772725712
2083000.0,1877092.4426600025
1361000.0,821539.5143841316
1431000.0,1776629.7109354693
1145000.0,974888.4031700657
3423000.0,2642581.0471051983
3518000.0,1991976.666391123
1034000.0,759330.6500136157
2189000.0,2006111.8975721337
2807000.0,2059273.0352621428
1518000.0,1647116.482849095
2513000.0,1841922.7777534681
2303000.0,1934171.2631155923
2486000.0,2704817.5643911115
1757000.0,2203318.0858564964
3518000.0,2832152.0161387906
2688000.0,2507748.3161199912
3518000.0,1409052.7516727797
3518000.0,2076271.3108441024
970000.0,1535521.1226583635
1491000.0,1709002.4987485379
1564000.0,1781476.2866874244
1017000.0,1703387.2938248136
2202000.0,2091052.047336135
2572000.0,2646766.055640614
2552000.0,2030460.3380524777
1533000.0,1141661.377771712
1396000.0,1841922.7777534681
2188000.0,1465091.4356818309
2178000.0,2083436.6679959998
2451000.0,2061445.286088603
3131000.0,2433123.6688065226
2186000.0,2083436.6679959998
1620000.0,1960252.270590755
2120000.0,2049986.563718617
3518000.0,1895859.3675711602
1195000.0,807443.20233335
1417000.0,1616836.3304371971
1493000.0,1663017.130029627
1457000.0,1843016.7348236113
1597000.0,1938907.9825687087
1630000.0,1562764.8243121447
3393000.0,1694692.983113835
1386000.0,1647116.482849095
3518000.0,2846965.5863612234
2853000.0,2613077.86913708
1677000.0,1588607.5962807215
1659000.0,1562764.8243121447
1268000.0,1517176.7262355718
2284000.0,1449392.2499019955
2505000.0,2705739.5971136363
1686000.0,2047718.6874994703
419000.0,728207.283107966
457000.0,728207.283107966
1155000.0,1535521.1226583635
1847000.0,1838280.0153704956
1913000.0,1938794.9002160362
1716000.0,2086428.4102356904
1334000.0,2004843.3930339955
1747000.0,1647116.482849095
2859000.0,2686482.72826277
2500000.0,2030460.3380524777
524000.0,728207.283107966
1936000.0,1934171.2631155923
1334000.0,1647116.482849095
1468000.0,1647116.482849095
3518000.0,2856256.582584464
1440000.0,1647116.482849095
1513000.0,2071022.5023827094
1521000.0,2109307.952312424
463000.0,1841699.215360292
575000.0,1909301.2213211767
570000.0,1909301.2213211767
516000.0,1909301.2213211767
502000.0,1283712.0420562169
1526765.0,2032975.8139499002
1830000.0,1947484.4471524283
2500000.0,1832616.5130623367
2076000.0,1838280.0153704956
3518000.0,2974392.991786246
2632000.0,2533279.6346953465
3477000.0,2135477.930516088
3062000.0,2939745.044203167
3247000.0,3226267.4884145483
3235000.0,2131615.915879146
2082800.0,2907468.719279254
2324000.0,1495258.4033887335
1720000.0,1517176.7262355718
1776000.0,1562764.8243121447
3518000.0,2340094.555962498
3518000.0,2258465.2038019686
2263000.0,2212886.5514188623
1573000.0,1770840.274014255
2794000.0,2287735.077636187
1212000.0,1665597.5400095186
2008000.0,963798.5940502419
1705000.0,1843016.7348236113
3061000.0,2827327.5943757268
2841000.0,3112249.395935484
1270000.0,1919909.367531024
3518000.0,2213298.0474331975
3518000.0,2020424.2523765652
1196000.0,1588607.5962807215
1144000.0,1651031.0609266285
512000.0,807443.20233335
1674000.0,2083436.6679959998
1256000.0,1240123.467440466
1932000.0,1707205.4100514215
3518000.0,3107027.344325023
2225000.0,2083436.6679959998
1921000.0,2184017.1780035333
1730000.0,2006120.6801859052
2182000.0,1988877.6068203102
3518000.0,2565587.367249294
2895000.0,2602980.982372177
1667000.0,2221953.7307814592
3222000.0,2535805.4383343165
3222000.0,2520235.9094648007
1567000.0,1841922.7777534681
1640000.0,1677954.73803813
2323000.0,2492320.823171966
1449000.0,1960252.270590755
2159000.0,2313573.561805387
1586000.0,1647674.5856262322
1615000.0,1517176.7262355718
2622000.0,1655654.6980270725
1390000.0,1808806.5342895153
1727000.0,1615214.0896559109
1521000.0,2072101.4078951995
1276000.0,971379.2537802609
1052000.0,1313128.7037514793
2138000.0,2192196.5765251988
2657000.0,2414302.9489486255
2343000.0,2792895.5380384536
2428000.0,2705906.9814454727
2008000.0,1700424.224426223
1308000.0,1840335.4543858082
2614000.0,1825436.9810666542
2147000.0,2627076.7032786906
3452000.0,2679581.2339046584
1078000.0,1535521.1226583635
1373000.0,1754937.4799019364
1357000.0,1517176.7262355718
2884000.0,1653752.6936735963
1429000.0,1319816.4344380132
1926000.0,2032975.8139499002
1512000.0,1665472.1390228192
1739000.0,1874402.2854997236
1448000.0,1535521.1226583635
1374000.0,1754937.4799019364
1940000.0,2217107.282676617
1860000.0,1327677.623227211
1535000.0,1665472.1390228192
1316000.0,1680699.897070818
1427000.0,2004843.3930339955
1316000.0,2072101.4078951995
2004000.0,2111663.729903727
1255000.0,1647583.653606865
1641000.0,2086428.4102356904
1511000.0,1562764.8243121447
1454000.0,2028918.6569963503
1473000.0,1535521.1226583635
1728000.0,2083436.6679959998
1655000.0,1968961.3466754127
1750000.0,1528027.0527293792
1234000.0,1781476.2866874244
2833000.0,2447545.802084809
2413000.0,2705906.9814454727
2884000.0,2625487.2184095504
1369000.0,2013335.685269934
750000.0,583840.6051393494
1087000.0,616049.0488856401
478000.0,580162.8592583155
924000.0,583840.6051393494
1615000.0,1718626.2992348787
1728000.0,2086428.4102356904
2148000.0,2239932.9156342866
3518000.0,3278049.3086080924
1815000.0,1562764.8243121447
1494000.0,2057466.6434745106
1530000.0,1659940.8516354766
1711000.0,1693900.1416872386
1655000.0,1516527.8256795346
2657000.0,2006111.8975721337
1792916.0,2015800.6152761213
1257000.0,1535521.1226583635
1642000.0,2012654.3032266211
1472000.0,1774345.9161313786
2155000.0,1573615.150805952
1436000.0,1638933.3322373312
2498000.0,2549346.6630507046
3518000.0,2509922.4919376024
3518000.0,1700790.9860849916
3158000.0,2760361.503174608
487000.0,739479.8899689671
700000.0,710933.7002130012
699000.0,739479.8899689671
1577000.0,1899929.1853634883
1808000.0,2083436.6679959998
1286000.0,1535521.1226583635
1825000.0,1983173.1870626234
1036000.0,853777.248134999
1544000.0,1562115.9237561072
3518000.0,3187942.977947695
750200.0,2108905.557013092
2155000.0,2392049.6772936773
1588000.0,1699577.0079437937
2489000.0,1234706.4527894873
2159000.0,1382904.1129318115
2644000.0,2304698.803688836
2049000.0,1545228.9785494753
1601000.0,1997624.0660434538
3332000.0,1887863.3900038027
3056000.0,1872761.032942503
3518000.0,2202243.710838715
2131000.0,2243571.655315879
1798000.0,2139185.348979079
1511000.0,1781476.2866874244
1381000.0,2047718.6874994703
522000.0,744884.5595114281
1290000.0,1455383.5797907193
3518000.0,2841173.990021872
1537000.0,1709002.4987485379
1613000.0,1516527.8256795346
3463000.0,2811230.3741667955
1685000.0,2040059.3418596417
2968000.0,2794049.689678143
2252000.0,2086428.4102356904
2619000.0,3267410.0470777485
3418000.0,2964553.421982387
3418000.0,3267410.0470777485
1293000.0,1709002.4987485379
2564000.0,2377258.5575214415
3518000.0,994786.7716793505
2626000.0,2669403.531974037
2640000.0,2686482.72826277
1454400.0,2828167.941970803
2567000.0,1990930.5734817057
1881400.0,2136853.606815324
2410000.0,1880124.1537071194
3268000.0,2615057.095027334
3219000.0,2323684.309968063
3518000.0,2256744.4896225347
1193000.0,1785622.9262114663
2607000.0,2086428.4102356904
1442000.0,1859565.7293382385
2344000.0,2227172.580453529
2343000.0,1844973.711090948
3020000.0,2852897.6874797433
2347000.0,1562764.8243121447
1651000.0,1748582.5329976995
1303000.0,2130733.1875518393
1627000.0,2221953.7307814592
2124000.0,2105999.3037801925
2629000.0,2893429.4033095306
3518000.0,3258615.417128892
3136000.0,2028918.6569963503
3277000.0,2111663.729903727
3284000.0,2020424.2523765652
1812000.0,2387813.840153005
2661000.0,1754937.4799019364
2123000.0,1693057.0950994294
2879000.0,2492320.823171966
3255000.0,2057256.4333799102
3055000.0,3112249.395935484
2281000.0,1770707.2824237116
2550000.0,1841922.7777534681
3292000.0,1739924.536341258
3518000.0,2632754.587759575
3088000.0,2287735.077636187
1675000.0,1907009.8057602555
2366000.0,1516527.8256795346
2985000.0,2086428.4102356904
1068000.0,1736225.334969088
1475000.0,886344.2427874813
1956000.0,1535521.1226583635
3518000.0,3265141.209629049
2572000.0,1811261.3903237383
1743000.0,1815581.1556083988
1617000.0,1770707.2824237116
1493000.0,1516527.8256795346
1564000.0,1535521.1226583635
1037000.0,1779020.9700379851
3298000.0,3030913.5824893275
2775000.0,2785975.1083728275
3202000.0,2287735.077636187
2402000.0,2287735.077636187
3518000.0,3151587.6907545915
1543000.0,1832616.5130623367
2832000.0,1763684.8900589987
3518000.0,2568597.836593247
3518000.0,2282081.240335635
3168000.0,2169497.266296749
2835000.0,1844973.711090948
2864000.0,2287735.077636187
2432000.0,1763684.8900589987
1523000.0,1516527.8256795346
736000.0,915686.0417305076
789000.0,1763068.261766369
392000.0,728207.283107966
619057.0,759330.6500136157
3518000.0,2767863.6828087443
2219000.0,2506393.799886409
3346000.0,2778360.34687233
2833000.0,2696333.4232021347
3491000.0,1879153.8058575864
2931000.0,3032179.077478642
3402000.0,2523645.5900349473
3447000.0,2855982.0642780373
826000.0,759330.6500136157
3031000.0,1779848.8829900816
3320000.0,2964553.421982387
2582000.0,2834661.3943825895
1284000.0,1991750.6153162569
3518000.0,2202243.710838715
2894000.0,2091052.047336135
2476000.0,3112249.395935484
2774000.0,2227785.7406712202
2799000.0,2979864.653510107
2667000.0,1958491.184963372
2804000.0,2939745.044203167
3124000.0,2916119.208032403
2928000.0,2174790.0547853964
3518000.0,2287735.077636187
3212000.0,2202243.710838715
2809000.0,2202243.710838715
2990000.0,2288754.8351265662
2085000.0,2221844.0021297336
3518000.0,1653752.6936735963
2881000.0,2091052.047336135
3055000.0,3270069.7485147538
3518000.0,2939745.044203167
1267000.0,1693057.0950994294
1934000.0,1562115.9237561072
1735000.0,1562115.9237561072
2152000.0,1654836.1263496499
2777000.0,2785975.1083728275
3514000.0,2968635.2714695428
3518000.0,2916119.208032403
3518000.0,2951616.8078022315
3518000.0,2916119.208032403
3518000.0,2897989.8632020177
3145000.0,2841173.990021872
3518000.0,3341793.935206199
3518000.0,2940732.684815918
2456000.0,2841173.990021872
3518000.0,2841173.990021872
3518000.0,2980545.7960109687
2672000.0,2841173.990021872
3500000.0,1825436.9810666542
2672000.0,2841173.990021872
3175000.0,2743934.859598843
3265000.0,2916119.208032403
2618000.0,2061445.286088603
1616000.0,2091052.047336135
1327000.0,1516527.8256795346
2021000.0,2282081.240335635
899000.0,849006.5291324105
875000.0,849006.5291324105
3518000.0,2462321.2164651044
2514000.0,2811230.3741667955
2485000.0,2811230.3741667955
3431000.0,2916119.208032403
3518000.0,2886175.592177327
3486000.0,3281630.645026212
3518000.0,2824723.4885358657
3518000.0,3161852.680794909
3092000.0,2298074.6688312558
3168000.0,2327920.1471087355
3518000.0,2561795.804399649
3518000.0,3208524.547949566
2725000.0,2083436.6679959998
2831000.0,3314866.8124829354
3518000.0,2199974.2877799612
1200000.0,1848888.2891684815
3518000.0,2920731.164877466
3518000.0,2916119.208032403
3518000.0,3297353.6629328253
3518000.0,2837979.570530207
1895000.0,1973294.2922578207
3518000.0,2819209.5009762095
3124000.0,2414437.30898743
3148000.0,2666378.0325575694
2208000.0,2794049.689678143
3518000.0,1827092.2635698444
3133000.0,2942143.1145951254
3518000.0,2916119.208032403
3508000.0,2846965.5863612234
1636000.0,1573615.150805952
1280000.0,1656378.5520239316
3058000.0,2287735.077636187
2475000.0,2262824.3714847686
2198000.0,2262824.3714847686
3418000.0,2828167.941970803
1068000.0,1748582.5329976995
2468000.0,2070037.4842739454
1880000.0,1893535.1704840413
2675000.0,2488058.963758067
2806000.0,2516819.9320550887
1690000.0,2052342.3245999143
2994000.0,2111663.729903727
3060000.0,3112249.395935484
3280000.0,2298074.6688312558
3518000.0,2878483.6514875107
1336000.0,1992405.2163713842
3518000.0,3281630.645026212
3518000.0,3211926.810202127
2331000.0,2813687.681663639
3518000.0,2811422.472166439
2419000.0,1527161.5716199167
1630000.0,2018111.926251938
1191000.0,2047718.6874994703
2501000.0,2091052.047336135
2646000.0,2811230.3741667955
2576000.0,2645411.5394070325
1872000.0,2645411.5394070325
2237000.0,3063674.619368133
1920000.0,2340094.555962498
3485000.0,3112249.395935484
3265000.0,2827327.5943757268
2755000.0,2492320.823171966
1678000.0,2030460.3380524777
1951000.0,2287657.3645861764
3189000.0,2022735.5633523823
3190000.0,2086428.4102356904
3362000.0,3128033.674170094
3518000.0,2886175.592177327
3518000.0,3020501.352471384
3518000.0,2796245.8401703886
3425000.0,2262824.3714847686
2421000.0,2014195.48322017
2421000.0,2506393.799886409
2437000.0,2835461.957255452
2774000.0,2625487.2184095504
2537000.0,2174790.0547853964
3242000.0,2761268.783607484
3518000.0,2811230.3741667955
2201000.0,1372997.584187857
2501000.0,1372997.584187857
2791000.0,2308529.407048517
3518000.0,2091052.047336135
1144000.0,1859891.3251712776
2912000.0,2691481.6532419818
2427000.0,2282081.240335635
2379000.0,2083436.6679959998
1804000.0,2230145.2209200645
655000.0,807603.9983461133
626000.0,785152.0731201719
3518000.0,2091052.047336135
3141000.0,2251182.863796936
1981000.0,1898210.657138161
2052000.0,2165919.491775091
1996000.0,1615214.0896559109
1990000.0,1562764.8243121447
1207000.0,1657282.6965303004
1816000.0,2056821.648988159
1859000.0,2091052.047336135
2065000.0,2156636.910656257
1089000.0,931627.4800368913
974000.0,1668133.0230241076
1803000.0,2178028.4574493836
2108000.0,2072101.4078951995
2377000.0,1562115.9237561072
2205000.0,1898193.5887291864
2450000.0,2285064.4725044393
2060000.0,2049985.8400661317
1732000.0,2053800.9820221923
1574000.0,2133439.878959237
1669000.0,1319816.4344380132
2452000.0,2767863.6828087443
439000.0,817360.5168664625
635000.0,962802.8872624015
2140000.0,2128095.748585858
1205000.0,1114908.2571655859
3236000.0,2308529.407048517
3420000.0,3158247.9328873423
3518000.0,3112249.395935484
2798000.0,1562764.8243121447
1511000.0,1934171.2631155923
1068000.0,1632014.1257877958
3168000.0,1976043.2805191302
1499000.0,2086428.4102356904
2429000.0,2625487.2184095504
1593000.0,2256744.4896225347
1278000.0,1559771.5403408238
2028000.0,1736248.6867659886
1613000.0,1176399.1493544774
2674000.0,2015800.6152761213
2564000.0,2091052.047336135
1549000.0,2141332.977968518
2555000.0,2091052.047336135
2200000.0,2091052.047336135
1742000.0,2202243.710838715
1719000.0,1938794.9002160362
2468000.0,2148757.021233921
1314000.0,1535521.1226583635
2200000.0,1608164.5955970236
2054000.0,2091052.047336135
2555000.0,2568597.836593247
2450000.0,2056821.648988159
2023000.0,2086428.4102356904
2450000.0,2056821.648988159
1496000.0,599834.4824323067
2677000.0,2316664.065844924
1412579.0,2053800.9820221923
1288000.0,1516527.8256795346
1235000.0,1535521.1226583635
2075000.0,1535521.1226583635
3518000.0,2755182.6241631373
3518000.0,3157007.796881876
3518000.0,3051425.7565674726
1087000.0,2030460.3380524777
3518000.0,3067539.2416709904
537000.0,989513.425453305
3518000.0,3150348.080340226
3518000.0,3030603.268124558
3032000.0,3148218.9578637076
1742000.0,1562115.9237561072
3518000.0,2105265.457428895
3433000.0,3362176.0618544095
3518000.0,2717529.154439719
1559000.0,1528027.0527293792
2256000.0,2083436.6679959998
2285000.0,2083436.6679959998
2378000.0,2086428.4102356904
1570000.0,1927433.4558997054
2489000.0,2083436.6679959998
2489000.0,2086428.4102356904
2731000.0,2083436.6679959998
2030000.0,2083436.6679959998
1478000.0,2015800.6152761213
1540000.0,1175750.24879844
1880000.0,1535521.1226583635
2062000.0,2256744.4896225347
2555000.0,2083436.6679959998
2351000.0,2531011.826922363
2067000.0,2792895.5380384536
3293000.0,2316664.065844924
2150000.0,2086428.4102356904
2487000.0,2212886.5514188623
525000.0,728207.283107966
3068000.0,2399042.3533883705
1523000.0,1583436.303956659
1933000.0,2139292.348819664
1125000.0,1516527.8256795346
1055000.0,948069.5456385957
1821000.0,1779848.8829900816
2028000.0,2757206.7981282584
2555000.0,2091052.047336135
2470000.0,2435579.544676992
492000.0,728207.283107966
2899000.0,2349324.240004779
2420000.0,2212886.5514188623
1572000.0,1615214.0896559109
2579000.0,2479956.7975797006
2539000.0,2811230.3741667955
2489000.0,2696333.4232021347
1750000.0,1562115.9237561072
1041000.0,1516527.8256795346
3518000.0,759330.6500136157
1668000.0,1608164.5955970236
1775000.0,1313128.7037514793
1715000.0,1815581.1556083988
1506000.0,1516527.8256795346
1078000.0,1516527.8256795346
2530000.0,2086428.4102356904
370000.0,639642.203406635
349000.0,639642.203406635
343000.0,613512.5322996599
563000.0,710933.7002130012
2902000.0,2086428.4102356904
511000.0,739479.8899689671
420000.0,613512.5322996599
1476000.0,1752497.111075233
1502000.0,1675886.255284585
2127000.0,2086428.4102356904
2821000.0,1725941.3600602108
3500000.0,2091052.047336135
2819000.0,3039135.941816678
2500000.0,2091052.047336135
1498000.0,1926418.8638619774
648000.0,807603.9983461133
506000.0,807603.9983461133
1022000.0,1647674.5856262322
1562000.0,2030460.3380524777
3518000.0,2492320.823171966
1544000.0,1924081.718459274
2072000.0,1782206.5094735562
1182000.0,1130162.150721867
849000.0,728207.283107966
1488000.0,974888.4031700657
1000000.0,1893210.5443296812
1426000.0,1813013.7284764517
2851000.0,2184017.1780035333
1651000.0,1693057.0950994294
2470000.0,2091052.047336135
1220000.0,1991750.6153162569
1515000.0,1615214.0896559109
1053000.0,1755242.2701079207
2051000.0,2281335.9600798367
1559000.0,1535521.1226583635
1329000.0,1535521.1226583635
1576000.0,1562115.9237561072
891000.0,822653.8812293492
1725000.0,1962143.854068725
2628000.0,2287735.077636187
1920000.0,2284863.3202664685
2200000.0,1900987.7650859705
1741000.0,2018111.926251938
3213000.0,3236011.521700333
2758000.0,3270069.7485147538
751000.0,805976.6048258871
1445000.0,1638933.3322373312
2888000.0,3096210.0235051983
540000.0,728207.283107966
394000.0,728207.283107966
2803000.0,1308149.306204705
2809000.0,2615057.095027334
2712000.0,1617468.4494851136
2677000.0,2227785.7406712202
1444000.0,1951827.439754373
2555000.0,2256744.4896225347
1631000.0,1782945.7545456863
1605000.0,1895411.6260984533
1985000.0,2138512.839708645
1880000.0,1763684.8900589987
1323000.0,1535521.1226583635
1466000.0,1838280.0153704956
865000.0,686941.84008507
1615000.0,759330.6500136157
1609000.0,886344.2427874813
360000.0,563070.6249328982
294000.0,563070.6249328982
440000.0,563070.6249328982
1625000.0,1770707.2824237116
1596000.0,1656378.5520239316
2628000.0,1653752.6936735963
1745000.0,1983173.1870626234
1300000.0,1764527.936646808
2085000.0,2256744.4896225347
2397000.0,2202243.710838715
428000.0,837099.9717315368
1076000.0,1444533.253296912
2205000.0,1517176.7262355718
1508000.0,2086428.4102356904
1099000.0,1748582.5329976995
2794000.0,2131615.915879146
696000.0,728207.283107966
742000.0,914950.2036334292
718000.0,759330.6500136157
695000.0,728207.283107966
623000.0,834812.6607657848
632000.0,728207.283107966
2544000.0,2091052.047336135
1516000.0,2184017.1780035333
1413000.0,1535521.1226583635
1297000.0,1523131.5002035256
1679000.0,1947484.4471524283
1309000.0,1709002.4987485379
1229000.0,1556588.5770204037
1584000.0,1764527.936646808
1908000.0,1545228.9785494753
1908000.0,2255404.848528724
2358000.0,1310214.9072407219
1444000.0,1559771.5403408238
1714000.0,2133439.878959237
1824000.0,2015800.6152761213
1821000.0,1615214.0896559109
1624000.0,971134.5799358736
1730000.0,1691960.01908078
1094000.0,869652.0667038657
1166000.0,1785622.9262114663
2524000.0,2492320.823171966
2200000.0,1916090.1221472695
2200000.0,2262824.3714847686
1163000.0,1240123.467440466
2833000.0,1694944.6738737351
549000.0,884562.6748248575
1028000.0,1361241.2560712134
662000.0,728207.283107966
1386000.0,2046537.3569354452
3249000.0,2091052.047336135
3249000.0,3112249.395935484
3181000.0,2091052.047336135
1650000.0,1562115.9237561072
3293000.0,2287735.077636187
1112000.0,2000607.5558933232
1730000.0,1718626.2992348787
1665000.0,1796168.5227029056
2313000.0,2458238.8246301534
1327000.0,1632014.1257877958
1349000.0,899308.8361020528
1912000.0,1615214.0896559109
1520000.0,1763684.8900589987
1607000.0,1026007.4584207576
628000.0,759330.6500136157
2012000.0,1815581.1556083988
2435000.0,2083436.6679959998
2477000.0,2091052.047336135
1959000.0,2091052.047336135
1345000.0,1647116.482849095
2505000.0,2086428.4102356904
2477000.0,2086428.4102356904
2974000.0,3112249.395935484
1625000.0,2091052.047336135
1881000.0,2161357.9604024417
1272000.0,2122111.791704415
1155000.0,1848891.4285893883
3283000.0,2288754.8351265662
1415000.0,1709002.4987485379
1328000.0,849006.5291324105
1155000.0,1779630.2937081072
1650000.0,1718626.2992348787
1535000.0,1764527.936646808
1009000.0,923266.7014605267
1715000.0,1562764.8243121447
1155000.0,1779630.2937081072
1762000.0,1718626.2992348787
1666000.0,1562115.9237561072
1521000.0,1562115.9237561072
1909000.0,963680.9519200514
1243000.0,897119.0814521447
1044000.0,1517176.7262355718
1069000.0,1951827.439754373
1470000.0,1313128.7037514793
3400000.0,2287735.077636187
3518000.0,2287735.077636187
1032000.0,2047718.6874994703
2820000.0,2091052.047336135
1798000.0,1962143.854068725
2772000.0,2133439.878959237
1446000.0,2004843.3930339955
1834000.0,1990537.1624905937
1511000.0,2015800.6152761213
1991515.0,2631229.4698649826
1411000.0,1615214.0896559109
2118000.0,2091603.2643696056
2496000.0,2287735.077636187
1863000.0,1562115.9237561072
3219000.0,2293838.8316905834
2950000.0,2030460.3380524777
2872000.0,2086428.4102356904
3518000.0,963680.9519200514
1604000.0,1510785.3004556932
1974000.0,2030460.3380524777
1449000.0,2086428.4102356904
1897000.0,2298074.6688312558
1353000.0,1656378.5520239316
1762000.0,2160086.6782319946
1762000.0,1815581.1556083988
1665000.0,1562764.8243121447
1782000.0,1947484.4471524283
2629000.0,1653752.6936735963
2672000.0,1874402.2854997236
2192000.0,1874402.2854997236
1764000.0,1956451.0768548176
1714000.0,1987388.2541126087
1619000.0,1934171.2631155923
3518000.0,2091052.047336135
2532000.0,2316664.065844924
311000.0,989513.425453305
2927000.0,3112249.395935484
1274000.0,1535521.1226583635
3518000.0,2349407.982595786
3518000.0,1699577.0079437937
3144000.0,2287735.077636187
2191000.0,2086428.4102356904
2479000.0,2091052.047336135
2919000.0,2417773.3499213997
2749000.0,2288754.8351265662
2405000.0,1954810.775706395
2366000.0,2202243.710838715
2363000.0,2202243.710838715
1498000.0,1638933.3322373312
1502000.0,1615214.0896559109
1425000.0,1516527.8256795346
1319000.0,2047718.6874994703
1767000.0,1736225.334969088
1965000.0,1748582.5329976995
2833000.0,2086428.4102356904
1537000.0,1562115.9237561072
2996000.0,2091052.047336135
1361000.0,1319816.4344380132
2079000.0,1763684.8900589987
2489000.0,1794019.8134921726
2036000.0,1794019.8134921726
2872000.0,2086428.4102356904
2530000.0,2091052.047336135
2612000.0,2086428.4102356904
2416000.0,1615214.0896559109
2522000.0,2086428.4102356904
1718000.0,865936.0276714346
1087000.0,1951827.439754373
1599000.0,1891235.7304707163
2996000.0,1815581.1556083988
2874000.0,3112249.395935484
958000.0,1653752.6936735963
1936000.0,1810479.2681870586
1226000.0,1656378.5520239316
2020000.0,2006567.9114843905
2200000.0,1958491.184963372
2196000.0,2006567.9114843905
2629000.0,2287735.077636187
2419000.0,1943388.8279020726
1259000.0,1535521.1226583635
1802000.0,1562115.9237561072
1580000.0,1535521.1226583635
1089000.0,1482002.2186229029
1751000.0,1562764.8243121447
1580000.0,1517176.7262355718
1143115.0,816576.3515041142
1514000.0,1615214.0896559109
330000.0,790446.6803971392
391000.0,794124.4262781729
408000.0,794124.4262781729
747000.0,857318.2532780857
3129000.0,2091052.047336135
1155000.0,1444533.253296912
1540000.0,1535521.1226583635
1407000.0,1632014.1257877958
3518000.0,3311233.2020066506
1168000.0,1516527.8256795346
3518000.0,1612959.6056515125
1802000.0,2020424.2523765652
1823000.0,1562764.8243121447
1189000.0,1815175.9684012718
2128000.0,2091052.047336135
2134000.0,2466230.5260191797
2669000.0,1382904.1129318115
1378000.0,1482002.2186229029
1254000.0,1616836.3304371971
2108000.0,2202243.710838715
19200.0,2041477.5181369036
15100.0,2041477.5181369036
16900.0,2041477.5181369036
1043000.0,1516527.8256795346
1709000.0,1898326.2285157752
2206000.0,1703387.2938248136
3080000.0,1495258.4033887335
1732000.0,1771356.1829797488
1533000.0,1960252.270590755
1103000.0,1651031.0609266285
1630000.0,1615214.0896559109
1501653.0,1874402.2854997236
1279000.0,1516527.8256795346
2452000.0,2056821.648988159
1835000.0,2224472.763220782
2450000.0,2056821.648988159
1343000.0,1693900.1416872386
2529000.0,2091052.047336135
1735000.0,2030460.3380524777
2061000.0,1770707.2824237116
1737000.0,1934171.2631155923
1366000.0,609970.2762463245
1000000.0,606292.5303652908
1123000.0,606292.5303652908
1020000.0,1535521.1226583635
652000.0,635964.4575256013
952000.0,2048924.8494159556
448000.0,728207.283107966
445000.0,728207.283107966
597000.0,759330.6500136157
1180000.0,1774961.9001390864
3499000.0,2091052.047336135
1204000.0,2194619.631383758
2536000.0,2243571.655315879
2102000.0,2356580.9408165
1760000.0,1934171.2631155923
1761000.0,1562115.9237561072
1601000.0,1615214.0896559109
1201000.0,1728405.3038810443
1149000.0,1535521.1226583635
1071000.0,1844973.711090948
1570000.0,1562115.9237561072
2898000.0,2103216.207205472
3055000.0,1934171.2631155923
1506000.0,1990537.1624905937
1969000.0,1562115.9237561072
1630000.0,1562764.8243121447
3518000.0,3183421.1245814217
1035000.0,1125758.5836593932
1505000.0,1319816.4344380132
1564000.0,1175750.24879844
1810000.0,1938794.9002160362
1215000.0,2047845.4235916343
1361000.0,1693057.0950994294
1506000.0,1924646.0869841403
992000.0,1951827.439754373
1314000.0,1785622.9262114663
1225000.0,1641276.1949626321
3518000.0,3010205.461626467
1830000.0,1934171.2631155923
1434000.0,1641276.1949626321
2517000.0,2086428.4102356904
2821000.0,2492320.823171966
1511000.0,1562115.9237561072
1287000.0,1535521.1226583635
3518000.0,1295228.262469936
3518000.0,2091052.047336135
3518000.0,2339148.6603441015
1225000.0,1535521.1226583635
2631000.0,2091052.047336135
793000.0,1147420.2900388706
1588000.0,1562115.9237561072
1783000.0,2086428.4102356904
3518000.0,3039135.941816678
3059000.0,3069350.2005339256
1500000.0,1176399.1493544774
1327000.0,1530114.770942637
2146000.0,2316664.065844924
2726000.0,3039135.941816678
2059000.0,1730341.7253194142
3518000.0,2818274.076235836
2412000.0,2476422.5916951485
2071000.0,2030460.3380524777
1189000.0,1037105.8784450993
1107000.0,1675886.255284585
1619000.0,1844973.711090948
1532000.0,1647116.482849095
1309000.0,1938907.9825687087
1170000.0,1671051.4508928421
1699000.0,2020424.2523765652
1133000.0,1535521.1226583635
2017000.0,1086730.0396328086
3041000.0,2331587.342124031
2588000.0,1562115.9237561072
1553000.0,2015800.6152761213
1587000.0,2631162.4918931006
1422000.0,1693057.0950994294
1574000.0,1600145.504013605
1659000.0,1562115.9237561072
3518000.0,2091052.047336135
1455000.0,1240123.467440466
1762000.0,1562115.9237561072
1305000.0,1806366.0132400054
1762000.0,2139292.348819664
2913000.0,2488058.963758067
1156000.0,1647116.482849095
1142000.0,1530114.770942637
2846000.0,1976144.6490049511
1480000.0,1891235.7304707163
2835000.0,1562764.8243121447
3480000.0,2667652.347502731
3518000.0,3158247.9328873423
1008000.0,1732744.208269819
1970000.0,1419734.081409298
2231000.0,2287735.077636187
2201000.0,1974698.2616721306
1035000.0,1647674.5856262322
1672000.0,1808378.3103323698
1212000.0,1768879.2838335608
2450000.0,2056821.648988159
1195000.0,1444533.253296912
1225000.0,1861988.1198864332
1067000.0,1130162.150721867
1676000.0,1694692.983113835
1495000.0,1602003.384301504
1572000.0,1176399.1493544774
1547000.0,1951827.439754373
1553000.0,2281335.9600798367
3518000.0,2311774.5730805933
2852000.0,2091052.047336135
1947000.0,1562115.9237561072
2387000.0,1653752.6936735963
3140600.0,3073932.6313469834
1480000.0,1517176.7262355718
1477000.0,1535521.1226583635
1622000.0,1562115.9237561072
1850000.0,1656378.5520239316
1810000.0,2311774.5730805933
1606000.0,1638933.3322373312
1810000.0,1951827.439754373
1763000.0,2184017.1780035333
1177000.0,1697590.2576783304
1388000.0,1510785.3004556932
1552000.0,1530114.770942637
1799000.0,1874402.2854997236
1387000.0,1647116.482849095
1750000.0,2030460.3380524777
1319000.0,1516527.8256795346
1200000.0,1510785.3004556932
1610000.0,1647116.482849095
1491000.0,1861356.3465029416
1750000.0,1562115.9237561072
1005000.0,971379.2537802609
1475000.0,808809.7143182098
1355000.0,1647116.482849095
1545000.0,1615214.0896559109
2827000.0,2086428.4102356904
1231000.0,1516527.8256795346
1825000.0,1815581.1556083988
1576000.0,1535521.1226583635
1722000.0,1562764.8243121447
1380000.0,1638933.3322373312
2226000.0,899308.8361020528
1696000.0,2105999.3037801925
1148000.0,1516527.8256795346
1148000.0,1767599.4681365322
665000.0,709807.9628086564
650000.0,709807.9628086564
578000.0,681261.7730526907
853000.0,709807.9628086564
1725000.0,1934171.2631155923
1605000.0,1544242.3772725712
1344000.0,1535521.1226583635
1347000.0,1694944.6738737351
1347000.0,1535521.1226583635
1725000.0,2184017.1780035333
1810000.0,1770707.2824237116
1521000.0,1325933.7244904372
1984000.0,2067988.3338139623
1123000.0,1647583.653606865
1104000.0,1516527.8256795346
1667000.0,2184017.1780035333
442000.0,794124.4262781729
676000.0,1019360.1030097489
1197000.0,1762604.7021104754
1520000.0,1763684.8900589987
1600000.0,2256744.4896225347
1688000.0,2256744.4896225347
1505000.0,1956451.0768548176
1704000.0,1602003.384301504
1254000.0,1656378.5520239316
1504000.0,1938794.9002160362
1734000.0,1938794.9002160362
1655000.0,1691960.01908078
1449000.0,1748582.5329976995
1510000.0,1638933.3322373312
1472000.0,1956451.0768548176
1324000.0,1516527.8256795346
1180000.0,1535521.1226583635
2100000.0,2091052.047336135
2586000.0,1957520.2169682807
2275000.0,2086428.4102356904
968000.0,1604479.132408586
1522000.0,2002901.053505353
1769000.0,2052342.3245999143
1254000.0,1761988.7181027674
2020000.0,1956451.0768548176
1159000.0,849006.5291324105
1490000.0,1693057.0950994294
1711000.0,1615214.0896559109
1600000.0,1615214.0896559109
1179000.0,1694692.983113835
1148000.0,976035.8494858311
1314000.0,1806366.0132400054
1297271.0,1947484.4471524283
1769000.0,2032975.8139499002
1118000.0,1709002.4987485379
1122000.0,1709002.4987485379
1121000.0,1709002.4987485379
1241000.0,1822538.400403826
1524000.0,2221930.4218864557
2692000.0,3112249.395935484
2275000.0,2083436.6679959998
2500000.0,2083436.6679959998
1974000.0,1880360.161994649
1191000.0,1559771.5403408238
1391000.0,1449392.2499019955
617000.0,1114549.7661777413
1326000.0,1516527.8256795346
2254000.0,2311774.5730805933
1510000.0,1974698.2616721306
1225000.0,1516527.8256795346
2010000.0,1965005.252929638
1434000.0,1516527.8256795346
1215000.0,1530114.770942637
3518000.0,3214948.718941602
531000.0,759330.6500136157
1675000.0,2091052.047336135
1675000.0,2184017.1780035333
1850000.0,2309917.653360905
1650000.0,2160086.6782319946
1010000.0,885212.524051271
1400000.0,1516527.8256795346
1633000.0,1562115.9237561072
1272000.0,1830369.7536429644
3150000.0,3011171.0339064756
1650000.0,1947484.4471524283
2835000.0,1968522.442837733
1359000.0,1176256.3459787685
547000.0,1067282.7471712262
1272000.0,1744591.6628945593
2032000.0,1562115.9237561072
1230000.0,1843016.7348236113
1304000.0,1235597.2834885067
2530000.0,2030460.3380524777
1447000.0,778978.4880335347
1127000.0,1767599.4681365322
1610000.0,1960252.270590755
1609000.0,1705969.9931939226
1643000.0,1019592.954811511
2715000.0,2083436.6679959998
2715000.0,2243571.655315879
1611000.0,1535521.1226583635
3518000.0,1614000.2393851422
3023000.0,1287353.3168999066
1482000.0,1615214.0896559109
1239000.0,1523131.5002035256
1485000.0,805976.6048258871
1046000.0,1859221.6273147725
1239000.0,1516527.8256795346
1414000.0,1693900.1416872386
1156000.0,1482002.2186229029
1638000.0,2025836.7009520337
2311000.0,2123479.3629130344
1661000.0,1834627.304361508
1140000.0,1856250.7211710357
1511000.0,1856250.7211710357
3518000.0,3270069.7485147538
1450000.0,841399.5934922996
1450000.0,1636720.1486004558
1805000.0,885212.524051271
1092000.0,1516527.8256795346
1356000.0,1535076.5467882664
1576000.0,2030460.3380524777
1186000.0,1842903.6524709396
1548000.0,1615214.0896559109
1511000.0,1844973.711090948
3518000.0,3258615.417128892
1185000.0,1516527.8256795346
1260000.0,1822538.400403826
1288000.0,1588607.5962807215
1431000.0,1588607.5962807215
2905000.0,1694417.0577447456
1113000.0,1616836.3304371971
3080000.0,2283109.3822096186
3518000.0,1165783.068765045
3069000.0,1962143.854068725
2530000.0,2184017.1780035333
450000.0,728207.283107966
2324000.0,2061445.286088603
1955000.0,2091052.047336135
1879000.0,1665581.0018048477
498000.0,837099.9717315368
3518000.0,2022601.0235477507
1751000.0,2030460.3380524777
1777000.0,807443.20233335
2198000.0,2071022.5023827094
2474000.0,1452215.4918442783
553000.0,776007.9264170779
469000.0,744884.5595114281
2335000.0,2340094.555962498
2370000.0,2258465.2038019686
494000.0,650276.3897990684
494000.0,583840.6051393494
512000.0,583840.6051393494
732000.0,647034.4321392623
2635000.0,1957520.2169682807
606000.0,759330.6500136157
567000.0,759330.6500136157
569000.0,759330.6500136157
3518000.0,2340094.555962498
692000.0,904413.2637840267
1620000.0,994786.7716793505
2475000.0,2056821.648988159
281000.0,728207.283107966
2449000.0,1308798.2067607422
2990000.0,2061445.286088603
1643000.0,837099.9717315368
1220000.0,1748582.5329976995
1957000.0,1653752.6936735963
2966000.0,2258465.2038019686
1075000.0,1822538.400403826
1985000.0,2030460.3380524777
2270000.0,1934171.2631155923
2081000.0,1861988.1198864332
2038000.0,2994418.371821884
1786000.0,2086428.4102356904
2137000.0,2030460.3380524777
3518000.0,2258465.2038019686
1500000.0,2148800.926353923
1777000.0,2340094.555962498
1915000.0,1895859.3675711602
1933000.0,915686.0417305076
1495000.0,1562115.9237561072
1814000.0,1562115.9237561072
1400000.0,1951827.439754373
237000.0,728207.283107966
231000.0,728207.283107966
1255000.0,1535521.1226583635
1239000.0,1767599.4681365322
1260000.0,1516527.8256795346
1815000.0,1562115.9237561072
1438000.0,1844973.711090948
2715000.0,1718626.2992348787
2275000.0,1934171.2631155923
2166000.0,1968670.6551573768
2068000.0,2022735.5633523823
3518000.0,3278116.701075898
1414000.0,1636720.1486004558
2899000.0,1557928.8496512014
1726000.0,1895859.3675711602
3024000.0,1617468.4494851136
1659000.0,2061445.286088603
2624200.0,2637694.344275843
3518000.0,2956577.5318832775
3180000.0,2258465.2038019686
3518000.0,2232524.9320395812
1494000.0,1895859.3675711602
3518000.0,3000150.1934846425
3518000.0,2258465.2038019686
3518000.0,2258465.2038019686
2358000.0,1951827.439754373
3518000.0,2258465.2038019686
3518000.0,3207907.6074616825
3518000.0,1921956.598884704
1212000.0,807443.20233335
1382000.0,1902386.1686598114
1139000.0,807443.20233335
1630000.0,759330.6500136157
1382000.0,858214.4072589189
1495000.0,1891235.7304707163
1539000.0,1126688.6419973688
1471000.0,1607884.092660558
1000000.0,1805345.5913679108
1448000.0,2232524.9320395812
1432000.0,2232524.9320395812
1295000.0,1683120.2053499431
1466000.0,1126688.6419973688
648000.0,1448518.326681071
2865000.0,1078576.0896776346
1692000.0,1943531.619669153
1153000.0,1656378.5520239316
1266000.0,1656378.5520239316
1585000.0,2322701.297436666
1863000.0,2047718.6874994703
1680000.0,2047718.6874994703
1280000.0,1516527.8256795346
784000.0,848345.9001200848
789000.0,817360.5168664625
1741000.0,976257.4443616846
2174000.0,1951827.439754373
541000.0,744884.5595114281
2466000.0,1653752.6936735963
3272000.0,2258465.2038019686
1.0,2171933.222755925
1.0,2171933.222755925
454000.0,728207.283107966
1267000.0,1544242.3772725712
2528000.0,2205248.1255108444
3518000.0,3126728.2731428267
3043000.0,1050761.2246042332
3518000.0,1843016.7348236113
3209000.0,1444853.976627075
504000.0,776007.9264170779
497000.0,776007.9264170779
477000.0,837099.9717315368
2144000.0,2340094.555962498
827000.0,817360.5168664625
1749000.0,881458.700817079
831000.0,996978.1878559695
3518000.0,3124672.6593582397
3518000.0,3189344.324489516
634000.0,728207.283107966
385000.0,849006.5291324105
3518000.0,1098873.7769239673
510000.0,660491.7928462395
863000.0,776007.9264170779
1521000.0,947421.388421787
877000.0,837099.9717315368
361000.0,759330.6500136157
360000.0,700392.4180345644
2817000.0,920423.2716294348
404213.0,1068229.245350749
492000.0,1037105.8784450993
459000.0,1068229.245350749
571000.0,1037105.8784450993
393000.0,1037105.8784450993
384000.0,759330.6500136157
386000.0,728207.283107966
3518000.0,2072642.1789047662
416000.0,744751.1471201064
1099000.0,841837.2016304642
423000.0,595279.0686791891
392000.0,595279.0686791891
403000.0,609834.7864186261
457000.0,645720.9760459507
1108000.0,1941903.1807782892
1144000.0,1814770.9392058547
648000.0,811281.744227147
614000.0,785152.0731201719
543000.0,710177.9306733598
792000.0,851489.937169247
1218000.0,1406671.8698751912
1774000.0,1749795.628671221
515000.0,805976.6048258871
531000.0,805976.6048258871
629000.0,837099.9717315368
634000.0,837099.9717315368
608000.0,728207.283107966
630000.0,805976.6048258871
2815000.0,2586563.541605432
683000.0,710933.7002130012
560000.0,821539.5143841316
3518000.0,888796.1610791957
707000.0,710933.7002130012
476000.0,821539.5143841316
587000.0,821539.5143841316
1643000.0,1899929.1853634883
1779000.0,1949563.5561560728
484000.0,810101.8549391847
538000.0,810101.8549391847
446000.0,728207.283107966
1251000.0,776007.9264170779
709000.0,837099.9717315368
723000.0,805976.6048258871
1122000.0,946073.5705390793
609000.0,837099.9717315368
571000.0,837099.9717315368
3129000.0,2072642.1789047662
1254000.0,1049177.770550923
1472000.0,1763068.261766369
1552000.0,1903182.9443842582
703000.0,779628.3372599484
3518000.0,3000150.1934846425
716000.0,833323.821665643
553000.0,805976.6048258871
537000.0,805976.6048258871
777000.0,700392.4180345644
3518000.0,2025160.971829682
357000.0,728207.283107966
685000.0,805976.6048258871
1054000.0,914950.2036334292
633000.0,775874.5140257564
937000.0,1486782.319769438
1042000.0,1486782.319769438
690000.0,711775.0883910727
893000.0,1726731.1579110418
965000.0,1486782.319769438
795000.0,778978.4880335347
985000.0,1049177.770550923
374000.0,731515.7849402141
414000.0,759330.6500136157
1806000.0,1485005.608909854
282000.0,833323.821665643
270000.0,726141.2354725401
296000.0,758349.6792188309
348000.0,849006.5291324105
546000.0,759330.6500136157
558000.0,700392.4180345644
1568000.0,885212.524051271
313000.0,775874.5140257564
611000.0,1789294.5873890084
470000.0,809237.699452607
560000.0,710177.9306733598
565000.0,817360.5168664625
3518000.0,3000150.1934846425
428000.0,759330.6500136157
902000.0,677969.486927069
1484000.0,1671425.121847438
244000.0,764450.9852326676
560000.0,886344.2427874813
883000.0,1049177.770550923
1305000.0,897119.0814521447
341000.0,700392.4180345644
492010.0,759330.6500136157
720000.0,915686.0417305076
596000.0,886344.2427874813
938000.0,995672.4884914936
500000.0,700392.4180345644
880000.0,758349.6792188309
3112000.0,2239932.9156342866
1018000.0,1995358.9089353594
1552000.0,2221953.7307814592
890209.0,1562764.8243121447
759000.0,989513.425453305
823000.0,700392.4180345644
1650000.0,1615214.0896559109
811000.0,700392.4180345644
950000.0,700392.4180345644
554000.0,837099.9717315368
1520000.0,1535521.1226583635
676000.0,660491.7928462395
2860000.0,2298074.6688312558
270000.0,855220.8758818314
502000.0,533398.6977725878
572426.0,779628.3372599484
844000.0,779628.3372599484
482000.0,700392.4180345644
359000.0,630819.8656859288
545000.0,1457110.3926091273
791000.0,1028582.5530833757
571000.0,630819.8656859288
575000.0,682103.161230762
736000.0,748193.0613436762
549000.0,748193.0613436762
611000.0,748193.0613436762
671000.0,826779.1313426469
358000.0,533398.6977725878
364000.0,533398.6977725878
362000.0,533398.6977725878
585000.0,630819.8656859288
445000.0,759330.6500136157
283000.0,533398.6977725878
455000.0,533398.6977725878
563656.0,583840.6051393494
691000.0,778978.4880335347
511000.0,609834.7864186261
431000.0,563070.6249328982
350000.0,609834.7864186261
212000.0,563070.6249328982
418000.0,563070.6249328982
3518000.0,1738017.4697110397
316000.0,700392.4180345644
272000.0,700392.4180345644
595000.0,700392.4180345644
527000.0,731515.7849402141
432000.0,630819.8656859288
426000.0,700392.4180345644
1110000.0,1903182.9443842582
235000.0,700392.4180345644
307000.0,686941.84008507
191000.0,533398.6977725878
361000.0,731515.7849402141
350000.0,775874.5140257564
575000.0,810101.8549391847
719000.0,926775.8508503316
621000.0,764450.9852326676
698000.0,764450.9852326676
590000.0,764450.9852326676
1618637.0,731515.7849402141
605000.0,731515.7849402141
2049033.0,1111689.1319362721
620000.0,793724.64931073
537000.0,731515.7849402141
519000.0,700392.4180345644
497000.0,872310.7193097007
360000.0,793724.64931073
578000.0,822560.7052506277
484000.0,838083.3783962722
387000.0,793724.64931073
500000.0,630819.8656859288
783000.0,682103.161230762
391000.0,533398.6977725878
364000.0,533398.6977725878
854000.0,630819.8656859288
864000.0,630819.8656859288
2392000.0,1718626.2992348787
1074000.0,926775.8508503316
351000.0,764450.9852326676
3518000.0,855418.3863662597
407000.0,731515.7849402141
443000.0,731515.7849402141
563000.0,700392.4180345644
270000.0,533398.6977725878
244000.0,533398.6977725878
296000.0,533398.6977725878
378000.0,533398.6977725878
283000.0,533398.6977725878
3518000.0,812563.5375524018
1257000.0,686941.84008507
899000.0,864592.6542272998
718000.0,948069.5456385957
518000.0,779628.3372599484
608000.0,779628.3372599484
581200.0,779628.3372599484
1741000.0,870673.257570362
539000.0,627816.0058893943
689000.0,686941.84008507
440000.0,686941.84008507
477000.0,686941.84008507
1070000.0,731515.7849402141
496000.0,759330.6500136157
646000.0,700392.4180345644
421000.0,764450.9852326676
589000.0,764450.9852326676
700263.0,779973.6583783121
668000.0,764450.9852326676
520000.0,764450.9852326676
428000.0,764450.9852326676
668000.0,805976.6048258871
516000.0,759330.6500136157
835000.0,858214.4072589189
669000.0,779628.3372599484
633000.0,686941.84008507
434000.0,686941.84008507
691000.0,794124.4262781729
714000.0,1895859.3675711602
355000.0,760351.8408801119
463000.0,810101.8549391847
876000.0,812563.5375524018
2062000.0,1615214.0896559109
640000.0,764450.9852326676
1149000.0,823987.0663454905
254000.0,764450.9852326676
604000.0,630819.8656859288
478000.0,793724.64931073
465000.0,700392.4180345644
365000.0,700392.4180345644
630000.0,700392.4180345644
370000.0,533398.6977725878
358000.0,533398.6977725878
370000.0,533398.6977725878
332000.0,533398.6977725878
501000.0,533398.6977725878
401000.0,533398.6977725878
259000.0,700392.4180345644
420000.0,700392.4180345644
728000.0,748193.0613436762
362753.0,793724.64931073
646000.0,793724.64931073
412000.0,837099.9717315368
419000.0,700392.4180345644
687000.0,686941.84008507
167000.0,533398.6977725878
273000.0,533398.6977725878
75900.0,533398.6977725878
84100.0,533398.6977725878
50200.0,533398.6977725878
93700.0,533398.6977725878
70400.0,533398.6977725878
86400.0,533398.6977725878
71400.0,533398.6977725878
132000.0,533398.6977725878
71400.0,533398.6977725878
216000.0,533398.6977725878
126000.0,533398.6977725878
628000.0,810101.8549391847
534000.0,778978.4880335347
484000.0,764450.9852326676
331000.0,700392.4180345644
436000.0,686941.84008507
425000.0,686941.84008507
424000.0,686941.84008507
400000.0,533398.6977725878
340000.0,533398.6977725878
366000.0,533398.6977725878
676000.0,630819.8656859288
489000.0,533398.6977725878
320000.0,686941.84008507
648000.0,764450.9852326676
564000.0,719150.2838313609
763000.0,1616325.0313877768
341000.0,700392.4180345644
408000.0,731515.7849402141
477000.0,775874.5140257564
589000.0,778978.4880335347
564000.0,775874.5140257564
527000.0,775874.5140257564
677000.0,778978.4880335347
537000.0,764450.9852326676
477000.0,764450.9852326676
1218000.0,1535521.1226583635
1295000.0,748193.0613436762
575000.0,748193.0613436762
337000.0,807443.20233335
139000.0,779628.3372599484
468000.0,686941.84008507
1863000.0,808809.7143182098
475000.0,1726141.2124671848
372000.0,1726141.2124671848
475000.0,1726141.2124671848
403000.0,1726141.2124671848
720000.0,1726141.2124671848
44300.0,533398.6977725878
1580000.0,1615214.0896559109
73300.0,533398.6977725878
73300.0,533398.6977725878
51100.0,533398.6977725878
51100.0,533398.6977725878
73300.0,533398.6977725878
77200.0,533398.6977725878
77200.0,533398.6977725878
34300.0,533398.6977725878
567700.0,1927607.148415386
326000.0,1922983.511314942
1583000.0,533398.6977725878
458000.0,533398.6977725878
406000.0,533398.6977725878
764000.0,686941.84008507
495000.0,700392.4180345644
480756.0,747038.4580858586
288000.0,764450.9852326676
363000.0,764450.9852326676
3518000.0,1050761.2246042332
471000.0,686941.84008507
570000.0,686941.84008507
557000.0,686941.84008507
599000.0,686941.84008507
943000.0,808464.393199846
484000.0,793724.64931073
722000.0,793724.64931073
479000.0,793724.64931073
848000.0,822560.7052506277
423000.0,533398.6977725878
594000.0,533398.6977725878
557000.0,533398.6977725878
528000.0,838083.3783962722
1074000.0,1994017.489327468
547000.0,717069.6944380265
344000.0,748193.0613436762
1633000.0,1718626.2992348787
1261000.0,822560.7052506277
352000.0,731515.7849402141
492000.0,731515.7849402141
269000.0,572042.9780908993
622000.0,808809.7143182098
253000.0,595607.5621431036
592000.0,533398.6977725878
652000.0,686941.84008507
756000.0,719150.2838313609
347000.0,533398.6977725878
1080000.0,948069.5456385957
791000.0,1556262.0453201535
1092000.0,864592.6542272998
1198000.0,1895859.3675711602
583000.0,864592.6542272998
315000.0,748193.0613436762
757000.0,775874.5140257564
739000.0,1485674.0465641778
3518000.0,2481163.2527635717
478000.0,779628.3372599484
618000.0,812563.5375524018
1681000.0,2298074.6688312558
1647000.0,1615214.0896559109
549000.0,1895859.3675711602
544000.0,700392.4180345644
675000.0,533398.6977725878
442000.0,533398.6977725878
318000.0,533398.6977725878
425000.0,630819.8656859288
407000.0,533398.6977725878
385000.0,533398.6977725878
384000.0,533398.6977725878
439000.0,533398.6977725878
488000.0,533398.6977725878
456000.0,748193.0613436762
590000.0,731515.7849402141
591000.0,731515.7849402141
627000.0,731515.7849402141
340000.0,1895859.3675711602
501000.0,1895859.3675711602
580000.0,717069.6944380265
592000.0,748193.0613436762
497000.0,717069.6944380265
549000.0,748193.0613436762
499000.0,717069.6944380265
572000.0,717069.6944380265
1167000.0,745905.7503779242
1178000.0,745905.7503779242
477000.0,700392.4180345644
3013000.0,2847464.6208001375
1343000.0,920423.2716294348
372000.0,533398.6977725878
547000.0,707062.2535342254
418000.0,533398.6977725878
476000.0,533398.6977725878
446000.0,533398.6977725878
302000.0,533398.6977725878
591000.0,778978.4880335347
474000.0,793724.64931073
736000.0,686941.84008507
1367000.0,1285589.093524585
572000.0,731515.7849402141
426000.0,764450.9852326676
531000.0,764450.9852326676
365000.0,731515.7849402141
472000.0,731515.7849402141
413000.0,731515.7849402141
908000.0,731515.7849402141
372000.0,764450.9852326676
1450000.0,1967312.4745691996
2015000.0,1994017.489327468
2609000.0,2049632.8108370726
382000.0,760351.8408801119
440000.0,731515.7849402141
362000.0,775874.5140257564
358000.0,764450.9852326676
469000.0,533398.6977725878
325000.0,533398.6977725878
358000.0,533398.6977725878
1149000.0,1991194.1858170698
460000.0,533398.6977725878
378000.0,533398.6977725878
161000.0,1126688.6419973688
238000.0,779628.3372599484
461000.0,793724.64931073
610000.0,779628.3372599484
483000.0,686941.84008507
370000.0,686941.84008507
392000.0,731515.7849402141
555000.0,1563443.3682820988
358000.0,1485674.0465641778
411000.0,1485674.0465641778
442000.0,627816.0058893943
317000.0,595607.5621431036
481000.0,595607.5621431036
667000.0,693028.7300564448
324000.0,686941.84008507
878200.0,731515.7849402141
843000.0,707062.2535342254
410000.0,533398.6977725878
513000.0,533398.6977725878
700000.0,533398.6977725878
2064000.0,2022735.5633523823
1306000.0,1653561.987416369
1121000.0,1455383.5797907193
361000.0,748193.0613436762
379000.0,748193.0613436762
960000.0,1515330.8159623647
467000.0,731515.7849402141
811000.0,748193.0613436762
1118000.0,1718275.566204153
422000.0,764450.9852326676
402000.0,779628.3372599484
440000.0,779628.3372599484
3518000.0,3199201.897938235
447000.0,764450.9852326676
441000.0,764450.9852326676
281000.0,764450.9852326676
312000.0,764450.9852326676
760000.0,595607.5621431036
1134000.0,595607.5621431036
251000.0,533398.6977725878
209400.0,533398.6977725878
181000.0,533398.6977725878
321000.0,604251.42183719
361000.0,720747.4415490737
399000.0,604251.42183719
728000.0,764450.9852326676
1527000.0,1651525.2703229687
629000.0,864592.6542272998
529000.0,719150.2838313609
583000.0,750135.667084983
443000.0,565607.1415188785
305000.0,533398.6977725878
338000.0,533398.6977725878
485000.0,630819.8656859288
350000.0,533398.6977725878
432000.0,533398.6977725878
763000.0,731515.7849402141
661000.0,775874.5140257564
439000.0,779628.3372599484
1077000.0,1036172.3980680084
309000.0,764450.9852326676
655000.0,779628.3372599484
532000.0,779628.3372599484
703000.0,779628.3372599484
841000.0,793724.64931073
550000.0,793724.64931073
468000.0,812563.5375524018
225000.0,779628.3372599484
303000.0,808464.393199846
246000.0,779628.3372599484
243000.0,779628.3372599484
1387000.0,1926836.791197811
1252000.0,1861988.1198864332
1492000.0,793724.64931073
446918.0,748193.0613436762
260000.0,935536.6306896766
756000.0,826779.1313426469
153888.0,1050761.2246042332
72500.0,1050761.2246042332
363000.0,717069.6944380265
677000.0,630819.8656859288
502000.0,533398.6977725878
426000.0,533398.6977725878
415000.0,533398.6977725878
433000.0,533398.6977725878
1318000.0,533398.6977725878
441000.0,748193.0613436762
359000.0,700392.4180345644
351000.0,700392.4180345644
426000.0,731515.7849402141
741000.0,1124221.3969910962
667000.0,630819.8656859288
1574000.0,1665472.1390228192
996000.0,793724.64931073
103000.0,533398.6977725878
257000.0,533398.6977725878
105000.0,533398.6977725878
164000.0,533398.6977725878
118000.0,533398.6977725878
455000.0,731515.7849402141
453000.0,700392.4180345644
412000.0,630819.8656859288
281000.0,565607.1415188785
279000.0,565607.1415188785
376000.0,760351.8408801119
718000.0,1653561.987416369
709000.0,810101.8549391847
913000.0,1876805.601277852
554880.0,533398.6977725878
631000.0,748193.0613436762
1025450.0,748193.0613436762
858000.0,748193.0613436762
1.0,719117.0034975305
1.0,719117.0034975305
468000.0,662043.3468028225
477000.0,764450.9852326676
509000.0,764450.9852326676
459000.0,764450.9852326676
263000.0,533398.6977725878
218000.0,533398.6977725878
439000.0,533398.6977725878
270000.0,533398.6977725878
735000.0,565607.1415188785
559000.0,764450.9852326676
323000.0,731515.7849402141
436000.0,775874.5140257564
652000.0,941371.5972450043
865000.0,1646466.0295439744
846000.0,693028.7300564448
598000.0,700392.4180345644
3518000.0,1951827.439754373
259000.0,779628.3372599484
298000.0,533398.6977725878
340000.0,533398.6977725878
1578000.0,1974698.2616721306
794000.0,812563.5375524018
605000.0,533398.6977725878
982000.0,533398.6977725878
557000.0,533398.6977725878
552000.0,533398.6977725878
780000.0,533398.6977725878
855000.0,693028.7300564448
172000.0,533398.6977725878
132000.0,533398.6977725878
161000.0,533398.6977725878
609000.0,717069.6944380265
782000.0,748193.0613436762
100000.0,533398.6977725878
226412.0,533398.6977725878
141711.0,533398.6977725878
216000.0,533398.6977725878
212856.0,533398.6977725878
227000.0,759473.8988800284
216724.0,759473.8988800284
221000.0,759473.8988800284
219000.0,759473.8988800284
186000.0,759473.8988800284
253000.0,759473.8988800284
823000.0,595607.5621431036
841000.0,595607.5621431036
903000.0,595607.5621431036
1038936.0,595607.5621431036
440000.0,764450.9852326676
554000.0,748193.0613436762
1377000.0,731515.7849402141
455000.0,533398.6977725878
421000.0,700392.4180345644
432000.0,533398.6977725878
513000.0,533398.6977725878
452000.0,533398.6977725878
1015000.0,533398.6977725878
421000.0,533398.6977725878
462000.0,533398.6977725878
657000.0,533398.6977725878
243000.0,533398.6977725878
389000.0,533398.6977725878
1166000.0,731515.7849402141
353000.0,748193.0613436762
2777000.0,2492320.823171966
148000.0,533398.6977725878
103000.0,533398.6977725878
93200.0,533398.6977725878
119400.0,533398.6977725878
185000.0,533398.6977725878
134800.0,533398.6977725878
1600000.0,1718626.2992348787
1793000.0,1359336.3011728663
290000.0,533398.6977725878
349000.0,533398.6977725878
391000.0,533398.6977725878
507000.0,533398.6977725878
260000.0,686941.84008507
718000.0,595607.5621431036
919000.0,595607.5621431036
308000.0,760351.8408801119
205000.0,731515.7849402141
266000.0,775874.5140257564
199000.0,731515.7849402141
280000.0,775874.5140257564
332000.0,533398.6977725878
805000.0,810101.8549391847
1359000.0,810101.8549391847
757000.0,775874.5140257564
716000.0,775874.5140257564
1066000.0,810101.8549391847
677000.0,731515.7849402141
3518000.0,2108135.8963262863
859000.0,775874.5140257564
1862000.0,858214.4072589189
356000.0,779628.3372599484
185000.0,533398.6977725878
193000.0,533398.6977725878
264000.0,533398.6977725878
219000.0,533398.6977725878
247000.0,533398.6977725878
244000.0,533398.6977725878
304000.0,533398.6977725878
293000.0,533398.6977725878
276000.0,533398.6977725878
389000.0,533398.6977725878
341000.0,533398.6977725878
348000.0,533398.6977725878
701000.0,533398.6977725878
175000.0,533398.6977725878
229000.0,533398.6977725878
203000.0,533398.6977725878
205000.0,533398.6977725878
259000.0,533398.6977725878
324000.0,533398.6977725878
556000.0,707062.2535342254
323000.0,533398.6977725878
384000.0,630819.8656859288
310000.0,533398.6977725878
369000.0,533398.6977725878
439000.0,533398.6977725878
437000.0,533398.6977725878
764000.0,764450.9852326676
709000.0,982952.7711529691
649000.0,719150.2838313609
1868000.0,1600772.9174579575
596000.0,717069.6944380265
755000.0,748193.0613436762
2249000.0,1926836.791197811
868000.0,1956451.0768548176
1047000.0,719150.2838313609
1124000.0,899475.8797416731
1207000.0,1955652.1129190219
2479000.0,1861988.1198864332
561000.0,719150.2838313609
792328.0,764450.9852326676
669000.0,923266.7014605267
1409000.0,934456.7951072154
1202000.0,2035534.4705720902
15400.0,686580.0662873251
433000.0,595607.5621431036
870000.0,595607.5621431036
630000.0,719150.2838313609
364000.0,686941.84008507
1010000.0,843593.3577555349
634000.0,744312.0256012778
528000.0,660491.7928462395
399000.0,629506.4095926174
544000.0,764450.9852326676
554000.0,764450.9852326676
479000.0,764450.9852326676
2781000.0,838083.3783962722
737000.0,1895859.3675711602
3518000.0,2063667.7815828733
676000.0,595279.0686791891
1917000.0,1669697.5855984944
65400.0,533398.6977725878
71200.0,533398.6977725878
77920.0,533398.6977725878
64300.0,533398.6977725878
122479.0,533398.6977725878
88560.0,533398.6977725878
70000.0,533398.6977725878
127000.0,533398.6977725878
457000.0,764450.9852326676
345000.0,764450.9852326676
504000.0,748193.0613436762
777000.0,563070.6249328982
2001000.0,1653561.987416369
2412000.0,2208650.71427819
306000.0,563070.6249328982
366000.0,595279.0686791891
279000.0,563070.6249328982
351000.0,563070.6249328982
1176000.0,1535521.1226583635
511000.0,677969.486927069
573000.0,677969.486927069
638000.0,677969.486927069
556000.0,677969.486927069
606000.0,849006.5291324105
708000.0,629506.4095926174
1035000.0,691715.2739631332
964000.0,657487.9330497049
823000.0,841837.2016304642
956000.0,1535521.1226583635
3518000.0,2115632.805147639
902000.0,736734.180694536
430000.0,731515.7849402141
250000.0,731515.7849402141
684000.0,826043.2932455685
463000.0,677969.486927069
884000.0,677969.486927069
590000.0,775874.5140257564
703000.0,886344.2427874813
1118000.0,1872569.7641371798
780000.0,855220.8758818314
903000.0,886344.2427874813
1283000.0,920423.2716294348
726000.0,793287.0411725653
388000.0,677969.486927069
308000.0,677969.486927069
290000.0,677969.486927069
266000.0,677969.486927069
1253000.0,966330.6895484675
520000.0,838083.3783962722
754000.0,773983.9527615885
652000.0,722700.6572167554
1014000.0,964056.2847840581
1763000.0,1818229.3901397872
815000.0,810101.8549391847
526000.0,838083.3783962722
663000.0,872310.7193097007
1496000.0,934456.7951072154
755000.0,809237.699452607
992000.0,809237.699452607
3518000.0,3238742.374666556
269000.0,563070.6249328982
334492.0,563070.6249328982
451000.0,764450.9852326676
3124000.0,1653561.987416369
3447000.0,941371.5972450043
412000.0,760351.8408801119
297000.0,731515.7849402141
307000.0,731515.7849402141
269000.0,563070.6249328982
274000.0,563070.6249328982
368000.0,625279.489303414
2610000.0,1985503.2806521312
903000.0,971379.2537802609
1269000.0,938675.2751291431
1898000.0,1006743.5928718226
709000.0,717069.6944380265
353000.0,563070.6249328982
470000.0,563070.6249328982
1163000.0,823987.0663454905
856000.0,793287.0411725653
904000.0,2011729.0990849934
1.0,686580.0662873251
304000.0,563070.6249328982
300000.0,563070.6249328982
387000.0,563070.6249328982
448000.0,595279.0686791891
321000.0,563070.6249328982
3518000.0,2613077.86913708
649000.0,1564558.0292460895
658000.0,736734.180694536
515000.0,660491.7928462395
1020000.0,1744613.1743434244
747000.0,736734.180694536
1680000.0,1079815.2374950203
432000.0,563070.6249328982
485000.0,660491.7928462395
442000.0,563070.6249328982
400000.0,563070.6249328982
389000.0,563070.6249328982
634000.0,677969.486927069
875000.0,677969.486927069
260000.0,731515.7849402141
332000.0,731515.7849402141
1075000.0,964056.2847840581
1085000.0,964056.2847840581
993000.0,964056.2847840581
763000.0,677969.486927069
1.0,686580.0662873251
351000.0,563070.6249328982
479000.0,563070.6249328982
484000.0,563070.6249328982
2194000.0,2049632.8108370726
472000.0,677969.486927069
526000.0,677969.486927069
417000.0,677969.486927069
447000.0,677969.486927069
534000.0,677969.486927069
570000.0,677969.486927069
456000.0,793724.64931073
259000.0,764450.9852326676
346000.0,563070.6249328982
379000.0,563070.6249328982
297000.0,563070.6249328982
383000.0,563070.6249328982
397000.0,660491.7928462395
841000.0,1607746.4980102386
714000.0,775874.5140257564
719000.0,810101.8549391847
514000.0,731515.7849402141
1030000.0,741163.313926982
732000.0,710177.9306733598
953000.0,741163.313926982
1264000.0,758349.6792188309
1261000.0,758349.6792188309
590000.0,726141.2354725401
600516.0,711775.0883910727
434000.0,595279.0686791891
722000.0,711775.0883910727
1141000.0,792551.7904292184
662000.0,812563.5375524018
709000.0,1833617.132513703
844000.0,808809.7143182098
828000.0,793287.0411725653
641055.0,812563.5375524018
1176000.0,748193.0613436762
1013000.0,731515.7849402141
1156000.0,934456.7951072154
488000.0,700392.4180345644
2064000.0,2212886.5514188623
2747000.0,2762177.9582819757
2053000.0,1479976.6821891523
417000.0,533398.6977725878
562000.0,533398.6977725878
489000.0,731515.7849402141
579000.0,731515.7849402141
1402000.0,966330.6895484675
1518000.0,966330.6895484675
2898000.0,1876805.601277852
467000.0,533398.6977725878
426000.0,533398.6977725878
460000.0,533398.6977725878
350000.0,533398.6977725878
367000.0,533398.6977725878
563000.0,533398.6977725878
520000.0,533398.6977725878
577000.0,533398.6977725878
597000.0,533398.6977725878
931000.0,563070.6249328982
862000.0,973028.6379420592
986000.0,973028.6379420592
591000.0,669464.1460042406
484000.0,572042.9780908993
1118000.0,1616718.85116824
760000.0,861385.1504840178
597000.0,793724.64931073
588000.0,793724.64931073
370000.0,533398.6977725878
315000.0,533398.6977725878
463000.0,533398.6977725878
2647000.0,2185154.2590414854
1856000.0,1014443.2418682016
1021000.0,810101.8549391847
375000.0,764450.9852326676
355000.0,764450.9852326676
382000.0,533398.6977725878
411000.0,533398.6977725878
510000.0,533398.6977725878
1288000.0,1535521.1226583635
705000.0,764450.9852326676
1124000.0,719150.2838313609
1047000.0,719150.2838313609
1213000.0,843593.3577555349
573000.0,599834.4824323067
496000.0,565607.1415188785
500000.0,533398.6977725878
615000.0,599834.4824323067
553000.0,533398.6977725878
414000.0,533398.6977725878
476000.0,533398.6977725878
631000.0,599834.4824323067
506000.0,533398.6977725878
378000.0,533398.6977725878
514000.0,533398.6977725878
543000.0,533398.6977725878
451000.0,533398.6977725878
532000.0,533398.6977725878
824000.0,707062.2535342254
824000.0,707062.2535342254
677000.0,864592.6542272998
1583000.0,775874.5140257564
1251000.0,899475.8797416731
464000.0,793724.64931073
419000.0,793724.64931073
709000.0,686941.84008507
721000.0,686941.84008507
543000.0,864592.6542272998
558000.0,719150.2838313609
640000.0,864592.6542272998
584000.0,719150.2838313609
480000.0,686941.84008507
672000.0,810101.8549391847
1141000.0,1235597.2834885067
291000.0,764450.9852326676
356000.0,764450.9852326676
342000.0,764450.9852326676
1808000.0,1514822.3808070784
602000.0,760351.8408801119
473000.0,533398.6977725878
213000.0,533398.6977725878
368000.0,533398.6977725878
449000.0,533398.6977725878
386000.0,731515.7849402141
938000.0,810101.8549391847
520000.0,731515.7849402141
2171000.0,1586093.9858542453
1389000.0,793724.64931073
3518000.0,2762177.9582819757
2743000.0,2554144.38570819
3518000.0,2860791.4057957726
2926000.0,2762177.9582819757
485000.0,533398.6977725878
602000.0,533398.6977725878
414000.0,731515.7849402141
641000.0,747038.4580858586
999000.0,810101.8549391847
722000.0,876884.0998438348
523000.0,793287.0411725653
483000.0,533398.6977725878
460000.0,533398.6977725878
663000.0,533398.6977725878
414000.0,533398.6977725878
2385000.0,2212886.5514188623
995000.0,973028.6379420592
495000.0,686941.84008507
563000.0,686941.84008507
1007000.0,973028.6379420592
1442000.0,1718626.2992348787
1007000.0,719150.2838313609
664000.0,812563.5375524018
702000.0,841399.5934922996
265000.0,533398.6977725878
295000.0,533398.6977725878
478000.0,533398.6977725878
3518000.0,3281630.645026212
1527000.0,748193.0613436762
1213000.0,858214.4072589189
808000.0,779628.3372599484
593000.0,779628.3372599484
689000.0,779628.3372599484
543000.0,779628.3372599484
508000.0,779628.3372599484
708000.0,779628.3372599484
473000.0,779628.3372599484
1581000.0,565607.1415188785
423000.0,533398.6977725878
447000.0,533398.6977725878
376000.0,533398.6977725878
449000.0,533398.6977725878
496000.0,533398.6977725878
479000.0,533398.6977725878
612000.0,533398.6977725878
450000.0,533398.6977725878
785000.0,731515.7849402141
630000.0,700392.4180345644
415000.0,533398.6977725878
323000.0,533398.6977725878
487000.0,533398.6977725878
403000.0,533398.6977725878
385000.0,533398.6977725878
606000.0,533398.6977725878
539000.0,533398.6977725878
461000.0,533398.6977725878
595000.0,533398.6977725878
442000.0,533398.6977725878
468000.0,533398.6977725878
444000.0,533398.6977725878
533000.0,533398.6977725878
438000.0,533398.6977725878
466000.0,533398.6977725878
620000.0,533398.6977725878
462000.0,533398.6977725878
949000.0,841837.2016304642
1352000.0,719150.2838313609
605000.0,731515.7849402141
501000.0,731515.7849402141
514000.0,731515.7849402141
596000.0,599834.4824323067
415000.0,533398.6977725878
403000.0,533398.6977725878
498000.0,533398.6977725878
428000.0,533398.6977725878
624000.0,565607.1415188785
903000.0,707062.2535342254
790000.0,812563.5375524018
873000.0,677969.486927069
681000.0,565607.1415188785
813000.0,565607.1415188785
490000.0,533398.6977725878
543000.0,533398.6977725878
1403000.0,810101.8549391847
1637000.0,810101.8549391847
583000.0,563070.6249328982
467000.0,563070.6249328982
396000.0,563070.6249328982
664000.0,775874.5140257564
493000.0,563070.6249328982
1004000.0,736734.180694536
1016000.0,736734.180694536
1001000.0,1566306.8334971636
837000.0,660491.7928462395
455000.0,731515.7849402141
655000.0,563070.6249328982
446000.0,563070.6249328982
560000.0,764450.9852326676
948000.0,744751.1471201064
1032000.0,779628.3372599484
387000.0,731515.7849402141
509000.0,563070.6249328982
662000.0,677969.486927069
1364000.0,677969.486927069
1426000.0,775874.5140257564
623000.0,808809.7143182098
1234000.0,952695.5066567123
808000.0,740161.4670001093
1224000.0,838238.5195143955
366000.0,660491.7928462395
339000.0,563070.6249328982
373000.0,563070.6249328982
927000.0,939097.1924805946
513000.0,677969.486927069
911000.0,939097.1924805946
1077000.0,939097.1924805946
703000.0,595279.0686791891
550000.0,563070.6249328982
384000.0,563070.6249328982
400000.0,563070.6249328982
649000.0,629506.4095926174
404000.0,563070.6249328982
355000.0,563070.6249328982
721000.0,595279.0686791891
652000.0,629506.4095926174
1188000.0,1907009.8057602555
518000.0,563070.6249328982
502000.0,563070.6249328982
659000.0,563070.6249328982
529000.0,563070.6249328982
607000.0,563070.6249328982
1056000.0,660491.7928462395
779000.0,660491.7928462395
1008000.0,711775.0883910727
684000.0,660491.7928462395
1029000.0,809237.699452607
1078000.0,809237.699452607
1145000.0,809237.699452607
1190000.0,855620.3010692988
525000.0,677969.486927069
2553000.0,1725713.4169102
511000.0,777029.117283574
389247.0,748193.0613436762
560000.0,777029.117283574
454000.0,748193.0613436762
642000.0,952297.1660706867
1051000.0,838083.3783962722
1.0,686580.0662873251
799000.0,660491.7928462395
353000.0,563070.6249328982
390000.0,563070.6249328982
371000.0,563070.6249328982
383000.0,563070.6249328982
431000.0,563070.6249328982
644000.0,595279.0686791891
1427000.0,1153893.324151407
525601.0,1602209.7830200766
421000.0,855620.3010692988
265000.0,677969.486927069
411000.0,710177.9306733598
418000.0,677969.486927069
425446.0,677969.486927069
569000.0,595279.0686791891
875000.0,736734.180694536
679000.0,711775.0883910727
470000.0,563070.6249328982
3518000.0,2860791.4057957726
1001000.0,964056.2847840581
744000.0,809237.699452607
2083000.0,1926951.0072157537
462000.0,764450.9852326676
507000.0,793287.0411725653
721000.0,855620.3010692988
603000.0,855620.3010692988
1188000.0,964056.2847840581
898000.0,964056.2847840581
1003000.0,964056.2847840581
378000.0,793287.0411725653
699000.0,779628.3372599484
555000.0,563070.6249328982
654000.0,595279.0686791891
818000.0,660491.7928462395
247000.0,764450.9852326676
15400.0,918859.3542862147
408000.0,563070.6249328982
524000.0,563070.6249328982
457000.0,563070.6249328982
922000.0,563070.6249328982
1737000.0,1815581.1556083988
319000.0,779628.3372599484
824000.0,595279.0686791891
440000.0,958951.0636222579
432000.0,895757.2366223449
1077000.0,900270.6919525049
1051000.0,868062.248206214
3518000.0,2577113.444707007
3137000.0,2279132.333501892
3518000.0,2577113.444707007
2628000.0,2287657.3645861764
476000.0,1143045.9629761777
1453000.0,1840335.4543858082
2520000.0,2092068.6292665359
3518000.0,897119.0814521447
657723.0,1143045.9629761777
1440000.0,1818769.092701051
353000.0,807443.20233335
378000.0,1143045.9629761777
372000.0,1143045.9629761777
952000.0,1711744.9675432406
350000.0,895757.2366223449
3518000.0,3065598.3673658683
3518000.0,2746753.0813408443
2093000.0,2083436.6679959998
439000.0,868062.248206214
411000.0,868062.248206214
311000.0,868062.248206214
1675000.0,2030460.3380524777
688000.0,1247445.2365172133
464000.0,1231922.563371569
489000.0,895757.2366223449
3518000.0,1143045.9629761777
1188000.0,1388771.4883374244
3518000.0,3270069.7485147538
1318000.0,1794019.8134921726
3518000.0,3181297.3719283724
2229000.0,2184017.1780035333
3518000.0,2014584.8920120827
1549000.0,1800712.5146640793
703000.0,1307620.976318644
751000.0,1185614.7422400503
221000.0,895757.2366223449
213000.0,895757.2366223449
193000.0,895757.2366223449
201000.0,895757.2366223449
1177000.0,886344.2427874813
353000.0,677969.486927069
565000.0,710177.9306733598
380000.0,677969.486927069
380000.0,563070.6249328982
376000.0,563070.6249328982
566000.0,660491.7928462395
478000.0,595279.0686791891
331000.0,779628.3372599484
292000.0,779628.3372599484
226000.0,779628.3372599484
1481000.0,1713289.6897438052
2998000.0,1906001.428655746
1819000.0,1600913.838103251
3518000.0,3278116.701075898
1046000.0,1713289.6897438052
474000.0,629506.4095926174
489000.0,563070.6249328982
313000.0,1022152.1665404392
463000.0,563070.6249328982
333000.0,563070.6249328982
570000.0,1394670.8801292293
481000.0,711775.0883910727
358000.0,595279.0686791891
372000.0,563070.6249328982
455000.0,1087902.8748724821
597000.0,1087902.8748724821
610000.0,1087902.8748724821
361000.0,873157.7709356481
1309000.0,775874.5140257564
967000.0,758349.6792188309
1370000.0,1022152.1665404392
681000.0,726141.2354725401
608000.0,726141.2354725401
589000.0,726141.2354725401
406000.0,677969.486927069
465000.0,677969.486927069
2015000.0,1608813.7063382207
2054000.0,2437145.4243500503
796000.0,855620.3010692988
796000.0,855620.3010692988
736000.0,778252.3161989849
618000.0,710177.9306733598
399000.0,677969.486927069
1248000.0,1861988.1198864332
692000.0,731515.7849402141
3518000.0,2814748.4152998426
935000.0,778252.3161989849
991000.0,809237.699452607
1021000.0,809237.699452607
838000.0,660491.7928462395
828000.0,660491.7928462395
877000.0,711775.0883910727
800000.0,731515.7849402141
1330000.0,876884.0998438348
3518000.0,2814748.4152998426
518000.0,563070.6249328982
610000.0,563070.6249328982
606000.0,563070.6249328982
3518000.0,779628.3372599484
1422000.0,939097.1924805946
427000.0,700392.4180345644
1014000.0,1815554.512548651
558000.0,563070.6249328982
918000.0,660491.7928462395
808000.0,595279.0686791891
575000.0,563070.6249328982
1058000.0,595279.0686791891
721000.0,563070.6249328982
647000.0,595279.0686791891
602000.0,563070.6249328982
638000.0,563070.6249328982
951000.0,677969.486927069
1232000.0,2069973.3374970038
926000.0,1022152.1665404392
953000.0,1022152.1665404392
765000.0,1164777.8587032342
2177000.0,1763320.8796637643
3518000.0,2020476.7499763328
1276000.0,1473041.3869530128
544000.0,892292.6735124514
432000.0,726141.2354725401
1302000.0,793724.64931073
3518000.0,3095008.9814757663
874000.0,764450.9852326676
1197000.0,1865585.7024686106
1047000.0,809237.699452607
385000.0,677969.486927069
1047000.0,741163.313926982
1315000.0,923266.7014605267
888000.0,764450.9852326676
1262000.0,808809.7143182098
793000.0,710177.9306733598
885000.0,1163883.8293190775
1485000.0,876884.0998438348
1123000.0,810101.8549391847
949000.0,892292.6735124514
722000.0,677969.486927069
1434000.0,1093593.4006152342
546000.0,731515.7849402141
423000.0,629506.4095926174
795000.0,710177.9306733598
1724000.0,1650945.0280232104
832000.0,710177.9306733598
1016000.0,939097.1924805946
1274000.0,666298.0536080389
500000.0,595279.0686791891
838000.0,603104.226608126
2046000.0,686580.0662873251
558000.0,892292.6735124514
478000.0,726141.2354725401
839000.0,726141.2354725401
689000.0,626264.4519328112
636000.0,563070.6249328982
492000.0,563070.6249328982
859000.0,626264.4519328112
954000.0,1059366.0597018057
599000.0,563070.6249328982
842000.0,629506.4095926174
1341000.0,626264.4519328112
1304000.0,595279.0686791891
1760000.0,1473041.3869530128
938000.0,809237.699452607
566000.0,563070.6249328982
794000.0,810101.8549391847
1201000.0,1579313.6822072295
639000.0,741163.313926982
688000.0,741163.313926982
680000.0,741163.313926982
2615000.0,2794049.689678143
